id,1
AFG,"{'1990': 0.302, '1991': 0.307, '1992': 0.316, '1993': 0.312, '1994': 0.307, '1995': 0.331, '1996': 0.335, '1997': 0.339, '1998': 0.344, '1999': 0.348, '2000': 0.35, '2001': 0.353, '2002': 0.384, '2003': 0.393, '2004': 0.409, '2005': 0.418, '2006': 0.429, '2007': 0.447, '2008': 0.447, '2009': 0.46, '2010': 0.472, '2011': 0.477, '2012': 0.489, '2013': 0.496, '2014': 0.5, '2015': 0.5, '2016': 0.502, '2017': 0.506, '2018': 0.509, '2019': 0.511}"
AGO,"{'1999': 0.391, '2000': 0.4, '2001': 0.41, '2002': 0.426, '2003': 0.435, '2004': 0.446, '2005': 0.46, '2006': 0.473, '2007': 0.489, '2008': 0.501, '2009': 0.515, '2010': 0.517, '2011': 0.533, '2012': 0.544, '2013': 0.555, '2014': 0.565, '2015': 0.572, '2016': 0.578, '2017': 0.582, '2018': 0.582, '2019': 0.581}"
ALB,"{'1990': 0.65, '1991': 0.631, '1992': 0.615, '1993': 0.618, '1994': 0.624, '1995': 0.637, '1996': 0.646, '1997': 0.645, '1998': 0.655, '1999': 0.665, '2000': 0.671, '2001': 0.678, '2002': 0.684, '2003': 0.691, '2004': 0.696, '2005': 0.706, '2006': 0.713, '2007': 0.722, '2008': 0.728, '2009': 0.733, '2010': 0.745, '2011': 0.764, '2012': 0.775, '2013': 0.782, '2014': 0.787, '2015': 0.788, '2016': 0.788, '2017': 0.79, '2018': 0.792, '2019': 0.795}"
AND,"{'2000': 0.813, '2001': 0.815, '2002': 0.82, '2003': 0.827, '2004': 0.833, '2005': 0.827, '2006': 0.837, '2007': 0.837, '2008': 0.84, '2009': 0.839, '2010': 0.837, '2011': 0.836, '2012': 0.858, '2013': 0.856, '2014': 0.863, '2015': 0.862, '2016': 0.866, '2017': 0.863, '2018': 0.867, '2019': 0.868}"
ARE,"{'1990': 0.723, '1991': 0.735, '1992': 0.738, '1993': 0.745, '1994': 0.755, '1995': 0.764, '1996': 0.765, '1997': 0.766, '1998': 0.769, '1999': 0.776, '2000': 0.782, '2001': 0.787, '2002': 0.792, '2003': 0.798, '2004': 0.803, '2005': 0.809, '2006': 0.814, '2007': 0.819, '2008': 0.821, '2009': 0.819, '2010': 0.82, '2011': 0.826, '2012': 0.832, '2013': 0.838, '2014': 0.847, '2015': 0.859, '2016': 0.864, '2017': 0.881, '2018': 0.889, '2019': 0.89}"
ARG,"{'1990': 0.718, '1991': 0.725, '1992': 0.73, '1993': 0.735, '1994': 0.739, '1995': 0.741, '1996': 0.748, '1997': 0.757, '1998': 0.763, '1999': 0.774, '2000': 0.781, '2001': 0.786, '2002': 0.781, '2003': 0.786, '2004': 0.787, '2005': 0.788, '2006': 0.812, '2007': 0.817, '2008': 0.821, '2009': 0.821, '2010': 0.829, '2011': 0.835, '2012': 0.834, '2013': 0.835, '2014': 0.836, '2015': 0.84, '2016': 0.839, '2017': 0.843, '2018': 0.842, '2019': 0.845}"
ARM,"{'1990': 0.654, '1991': 0.648, '1992': 0.618, '1993': 0.617, '1994': 0.621, '1995': 0.627, '1996': 0.634, '1997': 0.645, '1998': 0.657, '1999': 0.664, '2000': 0.669, '2001': 0.673, '2002': 0.682, '2003': 0.691, '2004': 0.7, '2005': 0.712, '2006': 0.726, '2007': 0.741, '2008': 0.745, '2009': 0.742, '2010': 0.747, '2011': 0.751, '2012': 0.756, '2013': 0.762, '2014': 0.764, '2015': 0.768, '2016': 0.766, '2017': 0.769, '2018': 0.771, '2019': 0.776}"
ATG,"{'2005': 0.764, '2006': 0.771, '2007': 0.776, '2008': 0.774, '2009': 0.767, '2010': 0.763, '2011': 0.755, '2012': 0.759, '2013': 0.76, '2014': 0.76, '2015': 0.762, '2016': 0.765, '2017': 0.768, '2018': 0.772, '2019': 0.778}"
AUS,"{'1990': 0.871, '1991': 0.871, '1992': 0.873, '1993': 0.876, '1994': 0.879, '1995': 0.888, '1996': 0.89, '1997': 0.893, '1998': 0.896, '1999': 0.9, '2000': 0.903, '2001': 0.905, '2002': 0.907, '2003': 0.909, '2004': 0.911, '2005': 0.906, '2006': 0.909, '2007': 0.912, '2008': 0.926, '2009': 0.928, '2010': 0.93, '2011': 0.932, '2012': 0.937, '2013': 0.931, '2014': 0.933, '2015': 0.938, '2016': 0.939, '2017': 0.941, '2018': 0.943, '2019': 0.944}"
AUT,"{'1990': 0.803, '1991': 0.808, '1992': 0.813, '1993': 0.817, '1994': 0.821, '1995': 0.825, '1996': 0.829, '1997': 0.832, '1998': 0.837, '1999': 0.842, '2000': 0.847, '2001': 0.857, '2002': 0.847, '2003': 0.851, '2004': 0.858, '2005': 0.863, '2006': 0.87, '2007': 0.89, '2008': 0.893, '2009': 0.895, '2010': 0.904, '2011': 0.906, '2012': 0.908, '2013': 0.905, '2014': 0.913, '2015': 0.915, '2016': 0.917, '2017': 0.919, '2018': 0.921, '2019': 0.922}"
AZE,"{'1995': 0.604, '1996': 0.605, '1997': 0.61, '1998': 0.619, '1999': 0.629, '2000': 0.635, '2001': 0.643, '2002': 0.651, '2003': 0.659, '2004': 0.667, '2005': 0.674, '2006': 0.701, '2007': 0.706, '2008': 0.716, '2009': 0.727, '2010': 0.726, '2011': 0.727, '2012': 0.73, '2013': 0.735, '2014': 0.74, '2015': 0.744, '2016': 0.751, '2017': 0.754, '2018': 0.754, '2019': 0.756}"
BDI,"{'1990': 0.299, '1991': 0.302, '1992': 0.299, '1993': 0.299, '1994': 0.296, '1995': 0.292, '1996': 0.289, '1997': 0.29, '1998': 0.294, '1999': 0.295, '2000': 0.3, '2001': 0.301, '2002': 0.311, '2003': 0.319, '2004': 0.33, '2005': 0.337, '2006': 0.359, '2007': 0.371, '2008': 0.384, '2009': 0.401, '2010': 0.411, '2011': 0.419, '2012': 0.426, '2013': 0.432, '2014': 0.438, '2015': 0.437, '2016': 0.438, '2017': 0.434, '2018': 0.431, '2019': 0.433}"
BEL,"{'1990': 0.813, '1991': 0.817, '1992': 0.832, '1993': 0.845, '1994': 0.852, '1995': 0.859, '1996': 0.864, '1997': 0.869, '1998': 0.873, '1999': 0.875, '2000': 0.88, '2001': 0.883, '2002': 0.886, '2003': 0.889, '2004': 0.893, '2005': 0.897, '2006': 0.904, '2007': 0.907, '2008': 0.906, '2009': 0.907, '2010': 0.91, '2011': 0.911, '2012': 0.913, '2013': 0.916, '2014': 0.918, '2015': 0.922, '2016': 0.924, '2017': 0.929, '2018': 0.93, '2019': 0.931}"
BEN,"{'1990': 0.364, '1991': 0.371, '1992': 0.375, '1993': 0.382, '1994': 0.386, '1995': 0.391, '1996': 0.394, '1997': 0.399, '1998': 0.403, '1999': 0.409, '2000': 0.416, '2001': 0.428, '2002': 0.438, '2003': 0.445, '2004': 0.453, '2005': 0.459, '2006': 0.467, '2007': 0.475, '2008': 0.482, '2009': 0.488, '2010': 0.494, '2011': 0.5, '2012': 0.51, '2013': 0.522, '2014': 0.527, '2015': 0.532, '2016': 0.533, '2017': 0.536, '2018': 0.541, '2019': 0.545}"
BFA,"{'2000': 0.293, '2001': 0.298, '2002': 0.303, '2003': 0.31, '2004': 0.32, '2005': 0.332, '2006': 0.341, '2007': 0.352, '2008': 0.364, '2009': 0.373, '2010': 0.384, '2011': 0.394, '2012': 0.403, '2013': 0.41, '2014': 0.413, '2015': 0.422, '2016': 0.428, '2017': 0.439, '2018': 0.443, '2019': 0.452}"
BGD,"{'1990': 0.394, '1991': 0.401, '1992': 0.41, '1993': 0.418, '1994': 0.426, '1995': 0.434, '1996': 0.443, '1997': 0.452, '1998': 0.461, '1999': 0.469, '2000': 0.478, '2001': 0.486, '2002': 0.492, '2003': 0.499, '2004': 0.506, '2005': 0.514, '2006': 0.521, '2007': 0.528, '2008': 0.531, '2009': 0.543, '2010': 0.557, '2011': 0.566, '2012': 0.575, '2013': 0.579, '2014': 0.579, '2015': 0.595, '2016': 0.606, '2017': 0.616, '2018': 0.625, '2019': 0.632}"
BGR,"{'1990': 0.708, '1991': 0.705, '1992': 0.705, '1993': 0.704, '1994': 0.705, '1995': 0.71, '1996': 0.718, '1997': 0.713, '1998': 0.718, '1999': 0.716, '2000': 0.72, '2001': 0.73, '2002': 0.736, '2003': 0.745, '2004': 0.752, '2005': 0.758, '2006': 0.765, '2007': 0.773, '2008': 0.78, '2009': 0.782, '2010': 0.788, '2011': 0.791, '2012': 0.795, '2013': 0.801, '2014': 0.806, '2015': 0.809, '2016': 0.811, '2017': 0.811, '2018': 0.813, '2019': 0.816}"
BHR,"{'1990': 0.749, '1991': 0.755, '1992': 0.76, '1993': 0.769, '1994': 0.772, '1995': 0.778, '1996': 0.782, '1997': 0.783, '1998': 0.787, '1999': 0.789, '2000': 0.795, '2001': 0.796, '2002': 0.795, '2003': 0.797, '2004': 0.796, '2005': 0.795, '2006': 0.797, '2007': 0.799, '2008': 0.8, '2009': 0.798, '2010': 0.8, '2011': 0.801, '2012': 0.808, '2013': 0.815, '2014': 0.82, '2015': 0.848, '2016': 0.853, '2017': 0.854, '2018': 0.852, '2019': 0.852}"
BHS,"{'2000': 0.797, '2001': 0.798, '2002': 0.8, '2003': 0.799, '2004': 0.8, '2005': 0.801, '2006': 0.804, '2007': 0.804, '2008': 0.804, '2009': 0.803, '2010': 0.805, '2011': 0.805, '2012': 0.807, '2013': 0.806, '2014': 0.805, '2015': 0.808, '2016': 0.81, '2017': 0.812, '2018': 0.812, '2019': 0.814}"
BIH,"{'2000': 0.679, '2001': 0.684, '2002': 0.689, '2003': 0.695, '2004': 0.701, '2005': 0.706, '2006': 0.712, '2007': 0.719, '2008': 0.726, '2009': 0.727, '2010': 0.721, '2011': 0.729, '2012': 0.748, '2013': 0.755, '2014': 0.758, '2015': 0.761, '2016': 0.772, '2017': 0.774, '2018': 0.777, '2019': 0.78}"
BLR,"{'1995': 0.66, '1996': 0.664, '1997': 0.67, '1998': 0.674, '1999': 0.679, '2000': 0.686, '2001': 0.692, '2002': 0.699, '2003': 0.707, '2004': 0.717, '2005': 0.727, '2006': 0.744, '2007': 0.76, '2008': 0.777, '2009': 0.787, '2010': 0.795, '2011': 0.801, '2012': 0.806, '2013': 0.811, '2014': 0.814, '2015': 0.814, '2016': 0.815, '2017': 0.819, '2018': 0.823, '2019': 0.823}"
BLZ,"{'1990': 0.61, '1991': 0.614, '1992': 0.621, '1993': 0.624, '1994': 0.623, '1995': 0.624, '1996': 0.624, '1997': 0.626, '1998': 0.628, '1999': 0.633, '2000': 0.64, '2001': 0.644, '2002': 0.651, '2003': 0.659, '2004': 0.665, '2005': 0.662, '2006': 0.672, '2007': 0.674, '2008': 0.679, '2009': 0.684, '2010': 0.695, '2011': 0.694, '2012': 0.701, '2013': 0.702, '2014': 0.705, '2015': 0.71, '2016': 0.717, '2017': 0.714, '2018': 0.714, '2019': 0.716}"
BOL,"{'1990': 0.551, '1991': 0.559, '1992': 0.566, '1993': 0.573, '1994': 0.581, '1995': 0.589, '1996': 0.595, '1997': 0.598, '1998': 0.61, '1999': 0.619, '2000': 0.627, '2001': 0.63, '2002': 0.637, '2003': 0.64, '2004': 0.641, '2005': 0.643, '2006': 0.649, '2007': 0.649, '2008': 0.658, '2009': 0.663, '2010': 0.667, '2011': 0.671, '2012': 0.675, '2013': 0.684, '2014': 0.69, '2015': 0.697, '2016': 0.702, '2017': 0.71, '2018': 0.714, '2019': 0.718}"
BRA,"{'1990': 0.613, '1991': 0.621, '1992': 0.627, '1993': 0.635, '1994': 0.642, '1995': 0.651, '1996': 0.658, '1997': 0.665, '1998': 0.67, '1999': 0.676, '2000': 0.685, '2001': 0.691, '2002': 0.699, '2003': 0.695, '2004': 0.698, '2005': 0.7, '2006': 0.702, '2007': 0.706, '2008': 0.717, '2009': 0.719, '2010': 0.727, '2011': 0.731, '2012': 0.735, '2013': 0.753, '2014': 0.756, '2015': 0.756, '2016': 0.758, '2017': 0.761, '2018': 0.762, '2019': 0.765}"
BRB,"{'1990': 0.732, '1991': 0.733, '1992': 0.733, '1993': 0.737, '1994': 0.742, '1995': 0.747, '1996': 0.751, '1997': 0.757, '1998': 0.753, '1999': 0.76, '2000': 0.771, '2001': 0.77, '2002': 0.774, '2003': 0.778, '2004': 0.782, '2005': 0.787, '2006': 0.791, '2007': 0.796, '2008': 0.8, '2009': 0.8, '2010': 0.797, '2011': 0.799, '2012': 0.808, '2013': 0.807, '2014': 0.808, '2015': 0.809, '2016': 0.811, '2017': 0.81, '2018': 0.81, '2019': 0.814}"
BRN,"{'1990': 0.767, '1991': 0.771, '1992': 0.777, '1993': 0.781, '1994': 0.786, '1995': 0.79, '1996': 0.793, '1997': 0.794, '1998': 0.794, '1999': 0.8, '2000': 0.802, '2001': 0.803, '2002': 0.807, '2003': 0.813, '2004': 0.818, '2005': 0.822, '2006': 0.825, '2007': 0.825, '2008': 0.825, '2009': 0.827, '2010': 0.827, '2011': 0.831, '2012': 0.839, '2013': 0.839, '2014': 0.838, '2015': 0.838, '2016': 0.839, '2017': 0.838, '2018': 0.836, '2019': 0.838}"
BTN,"{'2005': 0.52, '2006': 0.526, '2007': 0.542, '2008': 0.551, '2009': 0.561, '2010': 0.574, '2011': 0.585, '2012': 0.597, '2013': 0.61, '2014': 0.618, '2015': 0.628, '2016': 0.637, '2017': 0.646, '2018': 0.649, '2019': 0.654}"
BWA,"{'1990': 0.573, '1991': 0.579, '1992': 0.577, '1993': 0.576, '1994': 0.57, '1995': 0.576, '1996': 0.575, '1997': 0.577, '1998': 0.58, '1999': 0.582, '2000': 0.581, '2001': 0.582, '2002': 0.579, '2003': 0.586, '2004': 0.592, '2005': 0.601, '2006': 0.615, '2007': 0.628, '2008': 0.641, '2009': 0.65, '2010': 0.663, '2011': 0.677, '2012': 0.689, '2013': 0.701, '2014': 0.711, '2015': 0.717, '2016': 0.72, '2017': 0.726, '2018': 0.73, '2019': 0.735}"
CAF,"{'1990': 0.334, '1991': 0.328, '1992': 0.315, '1993': 0.315, '1994': 0.317, '1995': 0.319, '1996': 0.315, '1997': 0.318, '1998': 0.32, '1999': 0.323, '2000': 0.325, '2001': 0.327, '2002': 0.328, '2003': 0.328, '2004': 0.331, '2005': 0.336, '2006': 0.342, '2007': 0.347, '2008': 0.352, '2009': 0.356, '2010': 0.365, '2011': 0.374, '2012': 0.381, '2013': 0.363, '2014': 0.368, '2015': 0.375, '2016': 0.382, '2017': 0.391, '2018': 0.395, '2019': 0.397}"
CAN,"{'1990': 0.85, '1991': 0.854, '1992': 0.857, '1993': 0.855, '1994': 0.859, '1995': 0.862, '1996': 0.864, '1997': 0.863, '1998': 0.861, '1999': 0.864, '2000': 0.867, '2001': 0.871, '2002': 0.877, '2003': 0.882, '2004': 0.888, '2005': 0.894, '2006': 0.898, '2007': 0.896, '2008': 0.898, '2009': 0.898, '2010': 0.901, '2011': 0.903, '2012': 0.906, '2013': 0.913, '2014': 0.918, '2015': 0.921, '2016': 0.923, '2017': 0.926, '2018': 0.928, '2019': 0.929}"
CHE,"{'1990': 0.84, '1991': 0.842, '1992': 0.845, '1993': 0.849, '1994': 0.852, '1995': 0.856, '1996': 0.863, '1997': 0.872, '1998': 0.882, '1999': 0.889, '2000': 0.898, '2001': 0.9, '2002': 0.899, '2003': 0.905, '2004': 0.909, '2005': 0.914, '2006': 0.92, '2007': 0.923, '2008': 0.925, '2009': 0.935, '2010': 0.941, '2011': 0.941, '2012': 0.944, '2013': 0.946, '2014': 0.942, '2015': 0.947, '2016': 0.947, '2017': 0.949, '2018': 0.955, '2019': 0.955}"
CHL,"{'1990': 0.706, '1991': 0.715, '1992': 0.722, '1993': 0.715, '1994': 0.72, '1995': 0.728, '1996': 0.735, '1997': 0.742, '1998': 0.743, '1999': 0.75, '2000': 0.756, '2001': 0.767, '2002': 0.769, '2003': 0.776, '2004': 0.785, '2005': 0.791, '2006': 0.791, '2007': 0.804, '2008': 0.814, '2009': 0.822, '2010': 0.803, '2011': 0.815, '2012': 0.821, '2013': 0.826, '2014': 0.837, '2015': 0.842, '2016': 0.845, '2017': 0.847, '2018': 0.849, '2019': 0.851}"
CHN,"{'1990': 0.499, '1991': 0.507, '1992': 0.517, '1993': 0.527, '1994': 0.534, '1995': 0.545, '1996': 0.554, '1997': 0.563, '1998': 0.571, '1999': 0.579, '2000': 0.588, '2001': 0.596, '2002': 0.606, '2003': 0.618, '2004': 0.628, '2005': 0.64, '2006': 0.653, '2007': 0.667, '2008': 0.678, '2009': 0.687, '2010': 0.699, '2011': 0.707, '2012': 0.716, '2013': 0.724, '2014': 0.731, '2015': 0.739, '2016': 0.746, '2017': 0.75, '2018': 0.755, '2019': 0.761}"
CIV,"{'1990': 0.404, '1991': 0.404, '1992': 0.405, '1993': 0.406, '1994': 0.407, '1995': 0.409, '1996': 0.412, '1997': 0.415, '1998': 0.414, '1999': 0.419, '2000': 0.421, '2001': 0.424, '2002': 0.426, '2003': 0.429, '2004': 0.433, '2005': 0.438, '2006': 0.443, '2007': 0.449, '2008': 0.455, '2009': 0.462, '2010': 0.468, '2011': 0.472, '2012': 0.482, '2013': 0.49, '2014': 0.492, '2015': 0.503, '2016': 0.513, '2017': 0.525, '2018': 0.534, '2019': 0.538}"
CMR,"{'1990': 0.448, '1991': 0.445, '1992': 0.441, '1993': 0.435, '1994': 0.433, '1995': 0.432, '1996': 0.431, '1997': 0.432, '1998': 0.434, '1999': 0.436, '2000': 0.44, '2001': 0.456, '2002': 0.458, '2003': 0.464, '2004': 0.469, '2005': 0.47, '2006': 0.471, '2007': 0.482, '2008': 0.49, '2009': 0.498, '2010': 0.505, '2011': 0.514, '2012': 0.525, '2013': 0.534, '2014': 0.54, '2015': 0.549, '2016': 0.553, '2017': 0.557, '2018': 0.56, '2019': 0.563}"
COD,"{'1990': 0.369, '1991': 0.366, '1992': 0.361, '1993': 0.355, '1994': 0.349, '1995': 0.347, '1996': 0.351, '1997': 0.349, '1998': 0.349, '1999': 0.347, '2000': 0.349, '2001': 0.35, '2002': 0.358, '2003': 0.366, '2004': 0.374, '2005': 0.381, '2006': 0.389, '2007': 0.4, '2008': 0.412, '2009': 0.419, '2010': 0.435, '2011': 0.438, '2012': 0.442, '2013': 0.448, '2014': 0.46, '2015': 0.464, '2016': 0.471, '2017': 0.475, '2018': 0.478, '2019': 0.48}"
COG,"{'1990': 0.5, '1991': 0.499, '1992': 0.499, '1993': 0.493, '1994': 0.489, '1995': 0.471, '1996': 0.47, '1997': 0.474, '1998': 0.48, '1999': 0.467, '2000': 0.461, '2001': 0.468, '2002': 0.471, '2003': 0.471, '2004': 0.473, '2005': 0.469, '2006': 0.47, '2007': 0.486, '2008': 0.501, '2009': 0.514, '2010': 0.52, '2011': 0.522, '2012': 0.535, '2013': 0.545, '2014': 0.56, '2015': 0.58, '2016': 0.578, '2017': 0.574, '2018': 0.573, '2019': 0.574}"
COL,"{'1990': 0.603, '1991': 0.606, '1992': 0.617, '1993': 0.624, '1994': 0.631, '1995': 0.637, '1996': 0.647, '1997': 0.655, '1998': 0.662, '1999': 0.662, '2000': 0.666, '2001': 0.668, '2002': 0.671, '2003': 0.67, '2004': 0.684, '2005': 0.689, '2006': 0.698, '2007': 0.711, '2008': 0.718, '2009': 0.72, '2010': 0.729, '2011': 0.734, '2012': 0.739, '2013': 0.742, '2014': 0.753, '2015': 0.756, '2016': 0.76, '2017': 0.763, '2018': 0.764, '2019': 0.767}"
COM,"{'2000': 0.465, '2001': 0.47, '2002': 0.475, '2003': 0.481, '2004': 0.483, '2005': 0.489, '2006': 0.495, '2007': 0.501, '2008': 0.508, '2009': 0.514, '2010': 0.521, '2011': 0.533, '2012': 0.538, '2013': 0.542, '2014': 0.543, '2015': 0.545, '2016': 0.547, '2017': 0.55, '2018': 0.552, '2019': 0.554}"
CPV,"{'2000': 0.569, '2001': 0.573, '2002': 0.583, '2003': 0.588, '2004': 0.59, '2005': 0.596, '2006': 0.611, '2007': 0.617, '2008': 0.625, '2009': 0.63, '2010': 0.632, '2011': 0.639, '2012': 0.644, '2013': 0.647, '2014': 0.654, '2015': 0.656, '2016': 0.657, '2017': 0.66, '2018': 0.663, '2019': 0.665}"
CRI,"{'1990': 0.665, '1991': 0.672, '1992': 0.68, '1993': 0.687, '1994': 0.692, '1995': 0.697, '1996': 0.701, '1997': 0.707, '1998': 0.713, '1999': 0.717, '2000': 0.721, '2001': 0.725, '2002': 0.728, '2003': 0.731, '2004': 0.735, '2005': 0.738, '2006': 0.745, '2007': 0.753, '2008': 0.761, '2009': 0.762, '2010': 0.765, '2011': 0.778, '2012': 0.783, '2013': 0.788, '2014': 0.796, '2015': 0.797, '2016': 0.801, '2017': 0.804, '2018': 0.808, '2019': 0.81}"
CUB,"{'1990': 0.68, '1991': 0.674, '1992': 0.667, '1993': 0.66, '1994': 0.656, '1995': 0.659, '1996': 0.669, '1997': 0.673, '1998': 0.677, '1999': 0.684, '2000': 0.691, '2001': 0.696, '2002': 0.698, '2003': 0.708, '2004': 0.722, '2005': 0.734, '2006': 0.756, '2007': 0.772, '2008': 0.783, '2009': 0.785, '2010': 0.781, '2011': 0.78, '2012': 0.769, '2013': 0.766, '2014': 0.767, '2015': 0.772, '2016': 0.773, '2017': 0.777, '2018': 0.781, '2019': 0.783}"
CYP,"{'1990': 0.735, '1991': 0.738, '1992': 0.742, '1993': 0.779, '1994': 0.784, '1995': 0.788, '1996': 0.791, '1997': 0.794, '1998': 0.803, '1999': 0.802, '2000': 0.804, '2001': 0.81, '2002': 0.819, '2003': 0.828, '2004': 0.831, '2005': 0.836, '2006': 0.842, '2007': 0.849, '2008': 0.858, '2009': 0.862, '2010': 0.856, '2011': 0.86, '2012': 0.859, '2013': 0.86, '2014': 0.862, '2015': 0.865, '2016': 0.873, '2017': 0.878, '2018': 0.885, '2019': 0.887}"
CZE,"{'1990': 0.738, '1991': 0.733, '1992': 0.736, '1993': 0.743, '1994': 0.752, '1995': 0.761, '1996': 0.776, '1997': 0.782, '1998': 0.783, '1999': 0.793, '2000': 0.804, '2001': 0.814, '2002': 0.821, '2003': 0.83, '2004': 0.834, '2005': 0.843, '2006': 0.852, '2007': 0.858, '2008': 0.863, '2009': 0.866, '2010': 0.87, '2011': 0.874, '2012': 0.874, '2013': 0.882, '2014': 0.888, '2015': 0.891, '2016': 0.893, '2017': 0.896, '2018': 0.898, '2019': 0.9}"
DEU,"{'1990': 0.808, '1991': 0.816, '1992': 0.821, '1993': 0.831, '1994': 0.837, '1995': 0.842, '1996': 0.846, '1997': 0.851, '1998': 0.86, '1999': 0.868, '2000': 0.876, '2001': 0.884, '2002': 0.89, '2003': 0.896, '2004': 0.907, '2005': 0.908, '2006': 0.918, '2007': 0.921, '2008': 0.924, '2009': 0.924, '2010': 0.927, '2011': 0.933, '2012': 0.934, '2013': 0.935, '2014': 0.937, '2015': 0.938, '2016': 0.941, '2017': 0.943, '2018': 0.946, '2019': 0.947}"
DJI,"{'1995': 0.351, '1996': 0.349, '1997': 0.354, '1998': 0.355, '1999': 0.359, '2000': 0.36, '2001': 0.369, '2002': 0.375, '2003': 0.385, '2004': 0.393, '2005': 0.402, '2006': 0.413, '2007': 0.423, '2008': 0.432, '2009': 0.442, '2010': 0.454, '2011': 0.463, '2012': 0.474, '2013': 0.484, '2014': 0.492, '2015': 0.499, '2016': 0.505, '2017': 0.51, '2018': 0.518, '2019': 0.524}"
DMA,"{'2000': 0.703, '2001': 0.707, '2002': 0.707, '2003': 0.712, '2004': 0.714, '2005': 0.715, '2006': 0.721, '2007': 0.725, '2008': 0.73, '2009': 0.731, '2010': 0.74, '2011': 0.741, '2012': 0.739, '2013': 0.739, '2014': 0.741, '2015': 0.739, '2016': 0.74, '2017': 0.736, '2018': 0.738, '2019': 0.742}"
DNK,"{'1990': 0.806, '1991': 0.811, '1992': 0.815, '1993': 0.822, '1994': 0.831, '1995': 0.837, '1996': 0.844, '1997': 0.85, '1998': 0.856, '1999': 0.868, '2000': 0.87, '2001': 0.883, '2002': 0.89, '2003': 0.901, '2004': 0.905, '2005': 0.91, '2006': 0.912, '2007': 0.911, '2008': 0.917, '2009': 0.914, '2010': 0.917, '2011': 0.93, '2012': 0.931, '2013': 0.933, '2014': 0.935, '2015': 0.933, '2016': 0.935, '2017': 0.936, '2018': 0.939, '2019': 0.94}"
DOM,"{'1990': 0.599, '1991': 0.603, '1992': 0.612, '1993': 0.619, '1994': 0.624, '1995': 0.63, '1996': 0.636, '1997': 0.643, '1998': 0.648, '1999': 0.654, '2000': 0.659, '2001': 0.663, '2002': 0.668, '2003': 0.669, '2004': 0.672, '2005': 0.681, '2006': 0.688, '2007': 0.694, '2008': 0.698, '2009': 0.7, '2010': 0.706, '2011': 0.71, '2012': 0.714, '2013': 0.718, '2014': 0.73, '2015': 0.738, '2016': 0.743, '2017': 0.746, '2018': 0.751, '2019': 0.756}"
DZA,"{'1990': 0.572, '1991': 0.576, '1992': 0.582, '1993': 0.586, '1994': 0.59, '1995': 0.595, '1996': 0.602, '1997': 0.611, '1998': 0.621, '1999': 0.629, '2000': 0.637, '2001': 0.647, '2002': 0.657, '2003': 0.667, '2004': 0.677, '2005': 0.685, '2006': 0.69, '2007': 0.7, '2008': 0.702, '2009': 0.711, '2010': 0.721, '2011': 0.728, '2012': 0.728, '2013': 0.729, '2014': 0.736, '2015': 0.74, '2016': 0.743, '2017': 0.745, '2018': 0.746, '2019': 0.748}"
ECU,"{'1990': 0.648, '1991': 0.65, '1992': 0.654, '1993': 0.658, '1994': 0.663, '1995': 0.666, '1996': 0.668, '1997': 0.672, '1998': 0.675, '1999': 0.673, '2000': 0.675, '2001': 0.68, '2002': 0.684, '2003': 0.687, '2004': 0.693, '2005': 0.698, '2006': 0.701, '2007': 0.71, '2008': 0.717, '2009': 0.719, '2010': 0.726, '2011': 0.732, '2012': 0.751, '2013': 0.754, '2014': 0.756, '2015': 0.764, '2016': 0.758, '2017': 0.76, '2018': 0.762, '2019': 0.759}"
EGY,"{'1990': 0.548, '1991': 0.552, '1992': 0.559, '1993': 0.564, '1994': 0.571, '1995': 0.578, '1996': 0.585, '1997': 0.592, '1998': 0.594, '1999': 0.607, '2000': 0.613, '2001': 0.618, '2002': 0.622, '2003': 0.625, '2004': 0.631, '2005': 0.637, '2006': 0.645, '2007': 0.653, '2008': 0.66, '2009': 0.662, '2010': 0.668, '2011': 0.671, '2012': 0.677, '2013': 0.683, '2014': 0.685, '2015': 0.691, '2016': 0.696, '2017': 0.698, '2018': 0.701, '2019': 0.707}"
ERI,"{'2005': 0.427, '2006': 0.428, '2007': 0.43, '2008': 0.426, '2009': 0.436, '2010': 0.436, '2011': 0.436, '2012': 0.441, '2013': 0.446, '2014': 0.457, '2015': 0.454, '2016': 0.456, '2017': 0.454, '2018': 0.456, '2019': 0.459}"
ESP,"{'1990': 0.761, '1991': 0.77, '1992': 0.779, '1993': 0.789, '1994': 0.798, '1995': 0.807, '1996': 0.813, '1997': 0.817, '1998': 0.821, '1999': 0.826, '2000': 0.832, '2001': 0.835, '2002': 0.837, '2003': 0.84, '2004': 0.844, '2005': 0.851, '2006': 0.856, '2007': 0.86, '2008': 0.863, '2009': 0.865, '2010': 0.872, '2011': 0.878, '2012': 0.881, '2013': 0.882, '2014': 0.888, '2015': 0.895, '2016': 0.899, '2017': 0.903, '2018': 0.905, '2019': 0.904}"
EST,"{'1990': 0.735, '1991': 0.73, '1992': 0.722, '1993': 0.715, '1994': 0.72, '1995': 0.729, '1996': 0.74, '1997': 0.754, '1998': 0.766, '1999': 0.773, '2000': 0.787, '2001': 0.797, '2002': 0.805, '2003': 0.813, '2004': 0.821, '2005': 0.832, '2006': 0.839, '2007': 0.846, '2008': 0.848, '2009': 0.846, '2010': 0.852, '2011': 0.86, '2012': 0.865, '2013': 0.869, '2014': 0.871, '2015': 0.877, '2016': 0.881, '2017': 0.885, '2018': 0.889, '2019': 0.892}"
ETH,"{'2000': 0.292, '2001': 0.306, '2002': 0.315, '2003': 0.319, '2004': 0.334, '2005': 0.355, '2006': 0.371, '2007': 0.386, '2008': 0.403, '2009': 0.411, '2010': 0.421, '2011': 0.432, '2012': 0.438, '2013': 0.447, '2014': 0.455, '2015': 0.462, '2016': 0.467, '2017': 0.474, '2018': 0.478, '2019': 0.485}"
FIN,"{'1990': 0.79, '1991': 0.793, '1992': 0.801, '1993': 0.805, '1994': 0.815, '1995': 0.823, '1996': 0.83, '1997': 0.838, '1998': 0.846, '1999': 0.854, '2000': 0.864, '2001': 0.871, '2002': 0.874, '2003': 0.877, '2004': 0.904, '2005': 0.908, '2006': 0.912, '2007': 0.915, '2008': 0.917, '2009': 0.912, '2010': 0.916, '2011': 0.92, '2012': 0.921, '2013': 0.928, '2014': 0.928, '2015': 0.93, '2016': 0.932, '2017': 0.935, '2018': 0.937, '2019': 0.938}"
FJI,"{'1990': 0.662, '1991': 0.669, '1992': 0.672, '1993': 0.675, '1994': 0.68, '1995': 0.686, '1996': 0.688, '1997': 0.687, '1998': 0.687, '1999': 0.692, '2000': 0.695, '2001': 0.698, '2002': 0.7, '2003': 0.702, '2004': 0.709, '2005': 0.705, '2006': 0.708, '2007': 0.711, '2008': 0.712, '2009': 0.715, '2010': 0.715, '2011': 0.719, '2012': 0.722, '2013': 0.728, '2014': 0.733, '2015': 0.737, '2016': 0.738, '2017': 0.74, '2018': 0.742, '2019': 0.743}"
FRA,"{'1990': 0.786, '1991': 0.796, '1992': 0.804, '1993': 0.81, '1994': 0.825, '1995': 0.832, '1996': 0.837, '1997': 0.841, '1998': 0.845, '1999': 0.851, '2000': 0.849, '2001': 0.851, '2002': 0.852, '2003': 0.855, '2004': 0.858, '2005': 0.867, '2006': 0.871, '2007': 0.874, '2008': 0.875, '2009': 0.876, '2010': 0.879, '2011': 0.882, '2012': 0.885, '2013': 0.889, '2014': 0.893, '2015': 0.895, '2016': 0.894, '2017': 0.897, '2018': 0.898, '2019': 0.901}"
FSM,"{'2000': 0.546, '2001': 0.553, '2002': 0.559, '2003': 0.565, '2004': 0.57, '2005': 0.577, '2006': 0.583, '2007': 0.589, '2008': 0.593, '2009': 0.596, '2010': 0.601, '2011': 0.604, '2012': 0.605, '2013': 0.605, '2014': 0.604, '2015': 0.612, '2016': 0.614, '2017': 0.616, '2018': 0.618, '2019': 0.62}"
GAB,"{'1990': 0.613, '1991': 0.618, '1992': 0.617, '1993': 0.619, '1994': 0.622, '1995': 0.624, '1996': 0.626, '1997': 0.628, '1998': 0.63, '1999': 0.625, '2000': 0.621, '2001': 0.624, '2002': 0.626, '2003': 0.627, '2004': 0.626, '2005': 0.632, '2006': 0.632, '2007': 0.637, '2008': 0.639, '2009': 0.646, '2010': 0.652, '2011': 0.657, '2012': 0.666, '2013': 0.673, '2014': 0.682, '2015': 0.685, '2016': 0.69, '2017': 0.694, '2018': 0.697, '2019': 0.703}"
GBR,"{'1990': 0.781, '1991': 0.794, '1992': 0.807, '1993': 0.82, '1994': 0.833, '1995': 0.846, '1996': 0.851, '1997': 0.856, '1998': 0.862, '1999': 0.868, '2000': 0.874, '2001': 0.878, '2002': 0.881, '2003': 0.885, '2004': 0.892, '2005': 0.897, '2006': 0.896, '2007': 0.899, '2008': 0.903, '2009': 0.906, '2010': 0.912, '2011': 0.906, '2012': 0.904, '2013': 0.921, '2014': 0.925, '2015': 0.923, '2016': 0.924, '2017': 0.926, '2018': 0.928, '2019': 0.932}"
GEO,"{'2000': 0.69, '2001': 0.694, '2002': 0.699, '2003': 0.708, '2004': 0.715, '2005': 0.725, '2006': 0.731, '2007': 0.743, '2008': 0.742, '2009': 0.746, '2010': 0.751, '2011': 0.757, '2012': 0.767, '2013': 0.775, '2014': 0.783, '2015': 0.79, '2016': 0.792, '2017': 0.799, '2018': 0.805, '2019': 0.812}"
GHA,"{'1990': 0.465, '1991': 0.47, '1992': 0.474, '1993': 0.478, '1994': 0.48, '1995': 0.483, '1996': 0.484, '1997': 0.486, '1998': 0.487, '1999': 0.489, '2000': 0.494, '2001': 0.493, '2002': 0.499, '2003': 0.5, '2004': 0.509, '2005': 0.52, '2006': 0.529, '2007': 0.541, '2008': 0.553, '2009': 0.558, '2010': 0.565, '2011': 0.574, '2012': 0.577, '2013': 0.586, '2014': 0.59, '2015': 0.59, '2016': 0.598, '2017': 0.602, '2018': 0.606, '2019': 0.611}"
GIN,"{'1990': 0.282, '1991': 0.287, '1992': 0.291, '1993': 0.296, '1994': 0.301, '1995': 0.306, '1996': 0.31, '1997': 0.318, '1998': 0.326, '1999': 0.333, '2000': 0.34, '2001': 0.347, '2002': 0.356, '2003': 0.347, '2004': 0.372, '2005': 0.383, '2006': 0.392, '2007': 0.4, '2008': 0.408, '2009': 0.408, '2010': 0.416, '2011': 0.429, '2012': 0.439, '2013': 0.445, '2014': 0.452, '2015': 0.457, '2016': 0.465, '2017': 0.471, '2018': 0.473, '2019': 0.477}"
GMB,"{'1990': 0.349, '1991': 0.354, '1992': 0.358, '1993': 0.362, '1994': 0.366, '1995': 0.37, '1996': 0.377, '1997': 0.382, '1998': 0.388, '1999': 0.396, '2000': 0.403, '2001': 0.411, '2002': 0.415, '2003': 0.422, '2004': 0.431, '2005': 0.435, '2006': 0.44, '2007': 0.446, '2008': 0.453, '2009': 0.456, '2010': 0.459, '2011': 0.455, '2012': 0.461, '2013': 0.467, '2014': 0.468, '2015': 0.471, '2016': 0.475, '2017': 0.48, '2018': 0.487, '2019': 0.496}"
GNB,"{'2005': 0.403, '2006': 0.411, '2007': 0.417, '2008': 0.424, '2009': 0.43, '2010': 0.436, '2011': 0.445, '2012': 0.448, '2013': 0.452, '2014': 0.459, '2015': 0.464, '2016': 0.468, '2017': 0.47, '2018': 0.472, '2019': 0.48}"
GNQ,"{'2000': 0.525, '2001': 0.534, '2002': 0.546, '2003': 0.547, '2004': 0.554, '2005': 0.565, '2006': 0.576, '2007': 0.582, '2008': 0.583, '2009': 0.585, '2010': 0.576, '2011': 0.58, '2012': 0.584, '2013': 0.585, '2014': 0.586, '2015': 0.589, '2016': 0.588, '2017': 0.584, '2018': 0.582, '2019': 0.592}"
GRC,"{'1990': 0.761, '1991': 0.77, '1992': 0.771, '1993': 0.77, '1994': 0.774, '1995': 0.776, '1996': 0.78, '1997': 0.785, '1998': 0.795, '1999': 0.797, '2000': 0.804, '2001': 0.814, '2002': 0.826, '2003': 0.833, '2004': 0.843, '2005': 0.853, '2006': 0.859, '2007': 0.857, '2008': 0.865, '2009': 0.867, '2010': 0.865, '2011': 0.862, '2012': 0.865, '2013': 0.867, '2014': 0.875, '2015': 0.877, '2016': 0.874, '2017': 0.879, '2018': 0.881, '2019': 0.888}"
GRD,"{'2002': 0.721, '2003': 0.729, '2004': 0.731, '2005': 0.744, '2006': 0.745, '2007': 0.75, '2008': 0.753, '2009': 0.75, '2010': 0.754, '2011': 0.756, '2012': 0.757, '2013': 0.76, '2014': 0.766, '2015': 0.77, '2016': 0.771, '2017': 0.77, '2018': 0.773, '2019': 0.779}"
GTM,"{'1990': 0.481, '1991': 0.487, '1992': 0.493, '1993': 0.499, '1994': 0.504, '1995': 0.511, '1996': 0.518, '1997': 0.526, '1998': 0.534, '1999': 0.542, '2000': 0.549, '2001': 0.557, '2002': 0.563, '2003': 0.567, '2004': 0.571, '2005': 0.574, '2006': 0.583, '2007': 0.592, '2008': 0.597, '2009': 0.601, '2010': 0.606, '2011': 0.612, '2012': 0.618, '2013': 0.621, '2014': 0.648, '2015': 0.652, '2016': 0.653, '2017': 0.655, '2018': 0.657, '2019': 0.663}"
GUY,"{'1990': 0.548, '1991': 0.544, '1992': 0.559, '1993': 0.572, '1994': 0.582, '1995': 0.588, '1996': 0.598, '1997': 0.603, '1998': 0.607, '1999': 0.611, '2000': 0.616, '2001': 0.619, '2002': 0.622, '2003': 0.618, '2004': 0.625, '2005': 0.629, '2006': 0.63, '2007': 0.634, '2008': 0.638, '2009': 0.641, '2010': 0.649, '2011': 0.658, '2012': 0.662, '2013': 0.666, '2014': 0.671, '2015': 0.674, '2016': 0.676, '2017': 0.677, '2018': 0.68, '2019': 0.682}"
HKG,"{'1990': 0.784, '1991': 0.789, '1992': 0.794, '1993': 0.802, '1994': 0.807, '1995': 0.811, '1996': 0.814, '1997': 0.819, '1998': 0.82, '1999': 0.824, '2000': 0.83, '2001': 0.838, '2002': 0.845, '2003': 0.854, '2004': 0.865, '2005': 0.874, '2006': 0.886, '2007': 0.89, '2008': 0.899, '2009': 0.901, '2010': 0.904, '2011': 0.907, '2012': 0.914, '2013': 0.918, '2014': 0.926, '2015': 0.93, '2016': 0.936, '2017': 0.941, '2018': 0.946, '2019': 0.949}"
HND,"{'1990': 0.519, '1991': 0.518, '1992': 0.523, '1993': 0.53, '1994': 0.534, '1995': 0.54, '1996': 0.545, '1997': 0.551, '1998': 0.556, '1999': 0.56, '2000': 0.566, '2001': 0.57, '2002': 0.575, '2003': 0.58, '2004': 0.586, '2005': 0.593, '2006': 0.599, '2007': 0.607, '2008': 0.603, '2009': 0.605, '2010': 0.61, '2011': 0.613, '2012': 0.612, '2013': 0.613, '2014': 0.616, '2015': 0.618, '2016': 0.626, '2017': 0.63, '2018': 0.633, '2019': 0.634}"
HRV,"{'1990': 0.677, '1991': 0.672, '1992': 0.672, '1993': 0.674, '1994': 0.688, '1995': 0.703, '1996': 0.715, '1997': 0.727, '1998': 0.738, '1999': 0.747, '2000': 0.757, '2001': 0.768, '2002': 0.774, '2003': 0.78, '2004': 0.786, '2005': 0.792, '2006': 0.798, '2007': 0.808, '2008': 0.813, '2009': 0.812, '2010': 0.815, '2011': 0.823, '2012': 0.825, '2013': 0.83, '2014': 0.835, '2015': 0.84, '2016': 0.841, '2017': 0.845, '2018': 0.848, '2019': 0.851}"
HTI,"{'1990': 0.414, '1991': 0.418, '1992': 0.418, '1993': 0.418, '1994': 0.415, '1995': 0.423, '1996': 0.428, '1997': 0.432, '1998': 0.435, '1999': 0.439, '2000': 0.442, '2001': 0.444, '2002': 0.446, '2003': 0.449, '2004': 0.45, '2005': 0.453, '2006': 0.458, '2007': 0.463, '2008': 0.466, '2009': 0.47, '2010': 0.471, '2011': 0.478, '2012': 0.482, '2013': 0.487, '2014': 0.492, '2015': 0.496, '2016': 0.5, '2017': 0.505, '2018': 0.508, '2019': 0.51}"
HUN,"{'1990': 0.708, '1991': 0.706, '1992': 0.711, '1993': 0.724, '1994': 0.737, '1995': 0.746, '1996': 0.75, '1997': 0.751, '1998': 0.758, '1999': 0.765, '2000': 0.772, '2001': 0.781, '2002': 0.788, '2003': 0.797, '2004': 0.799, '2005': 0.805, '2006': 0.815, '2007': 0.818, '2008': 0.822, '2009': 0.828, '2010': 0.831, '2011': 0.828, '2012': 0.831, '2013': 0.839, '2014': 0.838, '2015': 0.842, '2016': 0.844, '2017': 0.846, '2018': 0.85, '2019': 0.854}"
IDN,"{'1990': 0.523, '1991': 0.529, '1992': 0.534, '1993': 0.541, '1994': 0.55, '1995': 0.56, '1996': 0.573, '1997': 0.587, '1998': 0.586, '1999': 0.594, '2000': 0.603, '2001': 0.609, '2002': 0.615, '2003': 0.622, '2004': 0.628, '2005': 0.632, '2006': 0.642, '2007': 0.643, '2008': 0.647, '2009': 0.658, '2010': 0.665, '2011': 0.673, '2012': 0.681, '2013': 0.687, '2014': 0.69, '2015': 0.695, '2016': 0.703, '2017': 0.707, '2018': 0.712, '2019': 0.718}"
IND,"{'1990': 0.429, '1991': 0.433, '1992': 0.44, '1993': 0.446, '1994': 0.453, '1995': 0.461, '1996': 0.468, '1997': 0.474, '1998': 0.481, '1999': 0.489, '2000': 0.495, '2001': 0.499, '2002': 0.506, '2003': 0.518, '2004': 0.527, '2005': 0.536, '2006': 0.546, '2007': 0.555, '2008': 0.563, '2009': 0.569, '2010': 0.579, '2011': 0.588, '2012': 0.597, '2013': 0.604, '2014': 0.616, '2015': 0.624, '2016': 0.63, '2017': 0.64, '2018': 0.642, '2019': 0.645}"
IRL,"{'1990': 0.773, '1991': 0.777, '1992': 0.782, '1993': 0.791, '1994': 0.798, '1995': 0.805, '1996': 0.811, '1997': 0.819, '1998': 0.851, '1999': 0.859, '2000': 0.867, '2001': 0.873, '2002': 0.881, '2003': 0.889, '2004': 0.898, '2005': 0.904, '2006': 0.906, '2007': 0.909, '2008': 0.911, '2009': 0.906, '2010': 0.901, '2011': 0.902, '2012': 0.908, '2013': 0.917, '2014': 0.928, '2015': 0.935, '2016': 0.943, '2017': 0.947, '2018': 0.951, '2019': 0.955}"
IRN,"{'1990': 0.565, '1991': 0.583, '1992': 0.596, '1993': 0.607, '1994': 0.616, '1995': 0.627, '1996': 0.634, '1997': 0.64, '1998': 0.647, '1999': 0.652, '2000': 0.658, '2001': 0.665, '2002': 0.67, '2003': 0.677, '2004': 0.678, '2005': 0.683, '2006': 0.719, '2007': 0.723, '2008': 0.728, '2009': 0.734, '2010': 0.742, '2011': 0.753, '2012': 0.768, '2013': 0.771, '2014': 0.774, '2015': 0.774, '2016': 0.784, '2017': 0.787, '2018': 0.785, '2019': 0.783}"
IRQ,"{'1990': 0.56, '1991': 0.512, '1992': 0.527, '1993': 0.548, '1994': 0.548, '1995': 0.539, '1996': 0.56, '1997': 0.569, '1998': 0.583, '1999': 0.591, '2000': 0.595, '2001': 0.601, '2002': 0.603, '2003': 0.589, '2004': 0.615, '2005': 0.617, '2006': 0.62, '2007': 0.623, '2008': 0.63, '2009': 0.632, '2010': 0.636, '2011': 0.642, '2012': 0.646, '2013': 0.646, '2014': 0.645, '2015': 0.649, '2016': 0.656, '2017': 0.667, '2018': 0.671, '2019': 0.674}"
ISL,"{'1990': 0.807, '1991': 0.82, '1992': 0.823, '1993': 0.824, '1994': 0.829, '1995': 0.831, '1996': 0.836, '1997': 0.846, '1998': 0.855, '1999': 0.86, '2000': 0.867, '2001': 0.872, '2002': 0.881, '2003': 0.887, '2004': 0.891, '2005': 0.896, '2006': 0.899, '2007': 0.905, '2008': 0.899, '2009': 0.898, '2010': 0.898, '2011': 0.907, '2012': 0.915, '2013': 0.927, '2014': 0.931, '2015': 0.934, '2016': 0.941, '2017': 0.943, '2018': 0.946, '2019': 0.949}"
ISR,"{'1990': 0.801, '1991': 0.808, '1992': 0.815, '1993': 0.821, '1994': 0.827, '1995': 0.832, '1996': 0.836, '1997': 0.844, '1998': 0.852, '1999': 0.859, '2000': 0.861, '2001': 0.865, '2002': 0.873, '2003': 0.874, '2004': 0.876, '2005': 0.88, '2006': 0.88, '2007': 0.889, '2008': 0.889, '2009': 0.89, '2010': 0.895, '2011': 0.901, '2012': 0.903, '2013': 0.905, '2014': 0.909, '2015': 0.91, '2016': 0.913, '2017': 0.913, '2018': 0.916, '2019': 0.919}"
ITA,"{'1990': 0.776, '1991': 0.782, '1992': 0.788, '1993': 0.793, '1994': 0.802, '1995': 0.808, '1996': 0.814, '1997': 0.821, '1998': 0.827, '1999': 0.832, '2000': 0.838, '2001': 0.845, '2002': 0.85, '2003': 0.855, '2004': 0.86, '2005': 0.865, '2006': 0.87, '2007': 0.874, '2008': 0.876, '2009': 0.876, '2010': 0.879, '2011': 0.883, '2012': 0.882, '2013': 0.881, '2014': 0.882, '2015': 0.882, '2016': 0.884, '2017': 0.886, '2018': 0.89, '2019': 0.892}"
JAM,"{'1990': 0.645, '1991': 0.648, '1992': 0.655, '1993': 0.67, '1994': 0.671, '1995': 0.674, '1996': 0.677, '1997': 0.679, '1998': 0.678, '1999': 0.68, '2000': 0.678, '2001': 0.689, '2002': 0.692, '2003': 0.687, '2004': 0.704, '2005': 0.706, '2006': 0.711, '2007': 0.719, '2008': 0.737, '2009': 0.733, '2010': 0.732, '2011': 0.731, '2012': 0.731, '2013': 0.729, '2014': 0.729, '2015': 0.731, '2016': 0.731, '2017': 0.734, '2018': 0.734, '2019': 0.734}"
JOR,"{'1990': 0.625, '1991': 0.636, '1992': 0.657, '1993': 0.668, '1994': 0.679, '1995': 0.693, '1996': 0.695, '1997': 0.699, '1998': 0.702, '1999': 0.706, '2000': 0.711, '2001': 0.717, '2002': 0.715, '2003': 0.72, '2004': 0.726, '2005': 0.738, '2006': 0.741, '2007': 0.744, '2008': 0.745, '2009': 0.743, '2010': 0.737, '2011': 0.734, '2012': 0.735, '2013': 0.729, '2014': 0.729, '2015': 0.73, '2016': 0.729, '2017': 0.726, '2018': 0.728, '2019': 0.729}"
JPN,"{'1990': 0.818, '1991': 0.823, '1992': 0.826, '1993': 0.831, '1994': 0.837, '1995': 0.842, '1996': 0.847, '1997': 0.85, '1998': 0.849, '1999': 0.852, '2000': 0.858, '2001': 0.861, '2002': 0.864, '2003': 0.867, '2004': 0.871, '2005': 0.875, '2006': 0.879, '2007': 0.882, '2008': 0.883, '2009': 0.882, '2010': 0.887, '2011': 0.892, '2012': 0.897, '2013': 0.902, '2014': 0.906, '2015': 0.908, '2016': 0.912, '2017': 0.915, '2018': 0.917, '2019': 0.919}"
KAZ,"{'1990': 0.69, '1991': 0.684, '1992': 0.682, '1993': 0.675, '1994': 0.667, '1995': 0.664, '1996': 0.666, '1997': 0.669, '1998': 0.672, '1999': 0.676, '2000': 0.685, '2001': 0.7, '2002': 0.714, '2003': 0.726, '2004': 0.737, '2005': 0.747, '2006': 0.754, '2007': 0.758, '2008': 0.758, '2009': 0.762, '2010': 0.764, '2011': 0.772, '2012': 0.782, '2013': 0.791, '2014': 0.798, '2015': 0.806, '2016': 0.808, '2017': 0.815, '2018': 0.819, '2019': 0.825}"
KEN,"{'1990': 0.482, '1991': 0.48, '1992': 0.476, '1993': 0.472, '1994': 0.469, '1995': 0.468, '1996': 0.467, '1997': 0.464, '1998': 0.463, '1999': 0.462, '2000': 0.461, '2001': 0.465, '2002': 0.465, '2003': 0.478, '2004': 0.49, '2005': 0.5, '2006': 0.515, '2007': 0.523, '2008': 0.532, '2009': 0.541, '2010': 0.551, '2011': 0.559, '2012': 0.566, '2013': 0.573, '2014': 0.58, '2015': 0.587, '2016': 0.591, '2017': 0.595, '2018': 0.599, '2019': 0.601}"
KGZ,"{'1990': 0.64, '1991': 0.634, '1992': 0.625, '1993': 0.612, '1994': 0.595, '1995': 0.589, '1996': 0.594, '1997': 0.601, '1998': 0.606, '1999': 0.613, '2000': 0.62, '2001': 0.628, '2002': 0.63, '2003': 0.637, '2004': 0.64, '2005': 0.642, '2006': 0.647, '2007': 0.654, '2008': 0.656, '2009': 0.661, '2010': 0.662, '2011': 0.664, '2012': 0.674, '2013': 0.68, '2014': 0.686, '2015': 0.69, '2016': 0.691, '2017': 0.694, '2018': 0.696, '2019': 0.697}"
KHM,"{'1990': 0.368, '1991': 0.372, '1992': 0.377, '1993': 0.381, '1994': 0.385, '1995': 0.391, '1996': 0.396, '1997': 0.401, '1998': 0.406, '1999': 0.411, '2000': 0.424, '2001': 0.438, '2002': 0.457, '2003': 0.47, '2004': 0.482, '2005': 0.494, '2006': 0.506, '2007': 0.52, '2008': 0.525, '2009': 0.528, '2010': 0.539, '2011': 0.546, '2012': 0.552, '2013': 0.559, '2014': 0.565, '2015': 0.57, '2016': 0.576, '2017': 0.582, '2018': 0.585, '2019': 0.594}"
KIR,"{'2000': 0.553, '2001': 0.569, '2002': 0.569, '2003': 0.574, '2004': 0.572, '2005': 0.589, '2006': 0.586, '2007': 0.587, '2008': 0.59, '2009': 0.588, '2010': 0.593, '2011': 0.591, '2012': 0.6, '2013': 0.608, '2014': 0.617, '2015': 0.625, '2016': 0.622, '2017': 0.627, '2018': 0.628, '2019': 0.63}"
KNA,"{'2005': 0.711, '2006': 0.718, '2007': 0.724, '2008': 0.739, '2009': 0.74, '2010': 0.746, '2011': 0.749, '2012': 0.745, '2013': 0.764, '2014': 0.768, '2015': 0.768, '2016': 0.771, '2017': 0.77, '2018': 0.773, '2019': 0.779}"
KOR,"{'1990': 0.732, '1991': 0.743, '1992': 0.75, '1993': 0.76, '1994': 0.772, '1995': 0.783, '1996': 0.793, '1997': 0.805, '1998': 0.802, '1999': 0.813, '2000': 0.823, '2001': 0.829, '2002': 0.837, '2003': 0.844, '2004': 0.853, '2005': 0.86, '2006': 0.868, '2007': 0.875, '2008': 0.88, '2009': 0.877, '2010': 0.889, '2011': 0.895, '2012': 0.898, '2013': 0.901, '2014': 0.904, '2015': 0.907, '2016': 0.91, '2017': 0.912, '2018': 0.914, '2019': 0.916}"
KWT,"{'1990': 0.705, '1991': 0.665, '1992': 0.659, '1993': 0.688, '1994': 0.718, '1995': 0.748, '1996': 0.772, '1997': 0.775, '1998': 0.78, '1999': 0.781, '2000': 0.781, '2001': 0.778, '2002': 0.78, '2003': 0.788, '2004': 0.789, '2005': 0.783, '2006': 0.788, '2007': 0.788, '2008': 0.79, '2009': 0.789, '2010': 0.788, '2011': 0.792, '2012': 0.796, '2013': 0.793, '2014': 0.796, '2015': 0.801, '2016': 0.804, '2017': 0.805, '2018': 0.807, '2019': 0.806}"
LAO,"{'1990': 0.405, '1991': 0.41, '1992': 0.415, '1993': 0.421, '1994': 0.43, '1995': 0.432, '1996': 0.445, '1997': 0.453, '1998': 0.46, '1999': 0.467, '2000': 0.471, '2001': 0.477, '2002': 0.486, '2003': 0.494, '2004': 0.503, '2005': 0.512, '2006': 0.514, '2007': 0.527, '2008': 0.535, '2009': 0.545, '2010': 0.552, '2011': 0.565, '2012': 0.575, '2013': 0.582, '2014': 0.589, '2015': 0.598, '2016': 0.605, '2017': 0.608, '2018': 0.609, '2019': 0.613}"
LBN,"{'2005': 0.74, '2006': 0.739, '2007': 0.751, '2008': 0.757, '2009': 0.764, '2010': 0.766, '2011': 0.768, '2012': 0.759, '2013': 0.757, '2014': 0.748, '2015': 0.744, '2016': 0.741, '2017': 0.748, '2018': 0.747, '2019': 0.744}"
LBR,"{'1999': 0.399, '2000': 0.435, '2001': 0.435, '2002': 0.437, '2003': 0.417, '2004': 0.427, '2005': 0.432, '2006': 0.438, '2007': 0.445, '2008': 0.45, '2009': 0.452, '2010': 0.455, '2011': 0.472, '2012': 0.469, '2013': 0.477, '2014': 0.478, '2015': 0.477, '2016': 0.478, '2017': 0.481, '2018': 0.48, '2019': 0.48}"
LBY,"{'1990': 0.724, '1991': 0.734, '1992': 0.74, '1993': 0.744, '1994': 0.75, '1995': 0.754, '1996': 0.76, '1997': 0.767, '1998': 0.77, '1999': 0.775, '2000': 0.78, '2001': 0.785, '2002': 0.79, '2003': 0.797, '2004': 0.798, '2005': 0.8, '2006': 0.8, '2007': 0.8, '2008': 0.8, '2009': 0.799, '2010': 0.798, '2011': 0.764, '2012': 0.789, '2013': 0.761, '2014': 0.728, '2015': 0.697, '2016': 0.687, '2017': 0.714, '2018': 0.721, '2019': 0.724}"
LCA,"{'2000': 0.695, '2001': 0.691, '2002': 0.693, '2003': 0.695, '2004': 0.695, '2005': 0.698, '2006': 0.712, '2007': 0.714, '2008': 0.725, '2009': 0.728, '2010': 0.73, '2011': 0.736, '2012': 0.73, '2013': 0.732, '2014': 0.735, '2015': 0.747, '2016': 0.752, '2017': 0.759, '2018': 0.758, '2019': 0.759}"
LIE,"{'2000': 0.862, '2001': 0.868, '2002': 0.873, '2003': 0.878, '2004': 0.883, '2005': 0.886, '2006': 0.89, '2007': 0.893, '2008': 0.899, '2009': 0.899, '2010': 0.904, '2011': 0.909, '2012': 0.908, '2013': 0.912, '2014': 0.911, '2015': 0.911, '2016': 0.915, '2017': 0.916, '2018': 0.919, '2019': 0.919}"
LKA,"{'1990': 0.629, '1991': 0.634, '1992': 0.639, '1993': 0.641, '1994': 0.65, '1995': 0.654, '1996': 0.659, '1997': 0.666, '1998': 0.673, '1999': 0.681, '2000': 0.691, '2001': 0.697, '2002': 0.703, '2003': 0.712, '2004': 0.719, '2005': 0.725, '2006': 0.732, '2007': 0.738, '2008': 0.746, '2009': 0.749, '2010': 0.754, '2011': 0.76, '2012': 0.766, '2013': 0.769, '2014': 0.773, '2015': 0.776, '2016': 0.773, '2017': 0.775, '2018': 0.779, '2019': 0.782}"
LSO,"{'1990': 0.498, '1991': 0.495, '1992': 0.493, '1993': 0.487, '1994': 0.486, '1995': 0.483, '1996': 0.477, '1997': 0.472, '1998': 0.47, '1999': 0.461, '2000': 0.459, '2001': 0.451, '2002': 0.446, '2003': 0.444, '2004': 0.44, '2005': 0.436, '2006': 0.436, '2007': 0.441, '2008': 0.446, '2009': 0.455, '2010': 0.46, '2011': 0.469, '2012': 0.48, '2013': 0.489, '2014': 0.498, '2015': 0.503, '2016': 0.512, '2017': 0.517, '2018': 0.522, '2019': 0.527}"
LTU,"{'1990': 0.738, '1991': 0.734, '1992': 0.719, '1993': 0.708, '1994': 0.704, '1995': 0.71, '1996': 0.719, '1997': 0.731, '1998': 0.743, '1999': 0.751, '2000': 0.762, '2001': 0.774, '2002': 0.785, '2003': 0.797, '2004': 0.805, '2005': 0.817, '2006': 0.826, '2007': 0.833, '2008': 0.838, '2009': 0.828, '2010': 0.831, '2011': 0.838, '2012': 0.841, '2013': 0.847, '2014': 0.859, '2015': 0.862, '2016': 0.867, '2017': 0.873, '2018': 0.876, '2019': 0.882}"
LUX,"{'1990': 0.797, '1991': 0.804, '1992': 0.809, '1993': 0.813, '1994': 0.818, '1995': 0.821, '1996': 0.83, '1997': 0.836, '1998': 0.844, '1999': 0.856, '2000': 0.86, '2001': 0.865, '2002': 0.869, '2003': 0.873, '2004': 0.876, '2005': 0.88, '2006': 0.884, '2007': 0.888, '2008': 0.89, '2009': 0.893, '2010': 0.898, '2011': 0.899, '2012': 0.9, '2013': 0.9, '2014': 0.903, '2015': 0.906, '2016': 0.91, '2017': 0.913, '2018': 0.913, '2019': 0.916}"
LVA,"{'1990': 0.711, '1991': 0.706, '1992': 0.685, '1993': 0.674, '1994': 0.675, '1995': 0.68, '1996': 0.687, '1997': 0.698, '1998': 0.711, '1999': 0.723, '2000': 0.735, '2001': 0.753, '2002': 0.767, '2003': 0.781, '2004': 0.795, '2005': 0.809, '2006': 0.816, '2007': 0.825, '2008': 0.828, '2009': 0.826, '2010': 0.824, '2011': 0.829, '2012': 0.832, '2013': 0.839, '2014': 0.845, '2015': 0.849, '2016': 0.854, '2017': 0.859, '2018': 0.863, '2019': 0.866}"
MAR,"{'1990': 0.457, '1991': 0.463, '1992': 0.467, '1993': 0.473, '1994': 0.484, '1995': 0.487, '1996': 0.498, '1997': 0.502, '1998': 0.509, '1999': 0.519, '2000': 0.529, '2001': 0.541, '2002': 0.551, '2003': 0.562, '2004': 0.572, '2005': 0.58, '2006': 0.586, '2007': 0.594, '2008': 0.602, '2009': 0.608, '2010': 0.616, '2011': 0.626, '2012': 0.635, '2013': 0.644, '2014': 0.652, '2015': 0.658, '2016': 0.667, '2017': 0.673, '2018': 0.68, '2019': 0.686}"
MDA,"{'1990': 0.69, '1991': 0.68, '1992': 0.661, '1993': 0.66, '1994': 0.64, '1995': 0.638, '1996': 0.634, '1997': 0.637, '1998': 0.637, '1999': 0.64, '2000': 0.643, '2001': 0.651, '2002': 0.663, '2003': 0.673, '2004': 0.684, '2005': 0.692, '2006': 0.699, '2007': 0.704, '2008': 0.71, '2009': 0.706, '2010': 0.713, '2011': 0.719, '2012': 0.726, '2013': 0.735, '2014': 0.737, '2015': 0.736, '2016': 0.738, '2017': 0.743, '2018': 0.746, '2019': 0.75}"
MDG,"{'2000': 0.462, '2001': 0.468, '2002': 0.464, '2003': 0.473, '2004': 0.48, '2005': 0.486, '2006': 0.49, '2007': 0.498, '2008': 0.506, '2009': 0.51, '2010': 0.511, '2011': 0.512, '2012': 0.514, '2013': 0.517, '2014': 0.52, '2015': 0.522, '2016': 0.523, '2017': 0.526, '2018': 0.527, '2019': 0.528}"
MDV,"{'1995': 0.555, '1996': 0.569, '1997': 0.584, '1998': 0.597, '1999': 0.611, '2000': 0.622, '2001': 0.626, '2002': 0.63, '2003': 0.644, '2004': 0.649, '2005': 0.645, '2006': 0.659, '2007': 0.664, '2008': 0.673, '2009': 0.674, '2010': 0.685, '2011': 0.697, '2012': 0.704, '2013': 0.709, '2014': 0.718, '2015': 0.724, '2016': 0.728, '2017': 0.731, '2018': 0.734, '2019': 0.74}"
MEX,"{'1990': 0.656, '1991': 0.66, '1992': 0.664, '1993': 0.668, '1994': 0.675, '1995': 0.677, '1996': 0.683, '1997': 0.689, '1998': 0.695, '1999': 0.699, '2000': 0.708, '2001': 0.712, '2002': 0.718, '2003': 0.722, '2004': 0.731, '2005': 0.737, '2006': 0.745, '2007': 0.746, '2008': 0.748, '2009': 0.748, '2010': 0.748, '2011': 0.755, '2012': 0.759, '2013': 0.756, '2014': 0.761, '2015': 0.766, '2016': 0.768, '2017': 0.771, '2018': 0.776, '2019': 0.779}"
MHL,"{'2017': 0.699, '2018': 0.702, '2019': 0.704}"
MKD,"{'2000': 0.677, '2001': 0.681, '2002': 0.688, '2003': 0.694, '2004': 0.702, '2005': 0.71, '2006': 0.716, '2007': 0.721, '2008': 0.737, '2009': 0.739, '2010': 0.743, '2011': 0.747, '2012': 0.748, '2013': 0.751, '2014': 0.755, '2015': 0.761, '2016': 0.765, '2017': 0.767, '2018': 0.77, '2019': 0.774}"
MLI,"{'1990': 0.234, '1991': 0.241, '1992': 0.246, '1993': 0.253, '1994': 0.26, '1995': 0.265, '1996': 0.274, '1997': 0.285, '1998': 0.294, '1999': 0.306, '2000': 0.312, '2001': 0.325, '2002': 0.334, '2003': 0.347, '2004': 0.356, '2005': 0.367, '2006': 0.376, '2007': 0.371, '2008': 0.394, '2009': 0.401, '2010': 0.408, '2011': 0.413, '2012': 0.413, '2013': 0.413, '2014': 0.419, '2015': 0.417, '2016': 0.422, '2017': 0.427, '2018': 0.431, '2019': 0.434}"
MLT,"{'1990': 0.752, '1991': 0.757, '1992': 0.762, '1993': 0.766, '1994': 0.768, '1995': 0.772, '1996': 0.776, '1997': 0.781, '1998': 0.789, '1999': 0.793, '2000': 0.795, '2001': 0.801, '2002': 0.804, '2003': 0.81, '2004': 0.819, '2005': 0.834, '2006': 0.832, '2007': 0.837, '2008': 0.839, '2009': 0.84, '2010': 0.853, '2011': 0.853, '2012': 0.86, '2013': 0.867, '2014': 0.874, '2015': 0.88, '2016': 0.885, '2017': 0.888, '2018': 0.894, '2019': 0.895}"
MMR,"{'1990': 0.342, '1991': 0.349, '1992': 0.363, '1993': 0.369, '1994': 0.376, '1995': 0.38, '1996': 0.387, '1997': 0.392, '1998': 0.396, '1999': 0.404, '2000': 0.414, '2001': 0.423, '2002': 0.432, '2003': 0.442, '2004': 0.452, '2005': 0.461, '2006': 0.471, '2007': 0.482, '2008': 0.493, '2009': 0.504, '2010': 0.515, '2011': 0.526, '2012': 0.533, '2013': 0.543, '2014': 0.55, '2015': 0.557, '2016': 0.563, '2017': 0.572, '2018': 0.579, '2019': 0.583}"
MNE,"{'2006': 0.773, '2007': 0.784, '2008': 0.794, '2009': 0.797, '2010': 0.802, '2011': 0.806, '2012': 0.807, '2013': 0.811, '2014': 0.813, '2015': 0.816, '2016': 0.818, '2017': 0.822, '2018': 0.826, '2019': 0.829}"
MNG,"{'1990': 0.578, '1991': 0.573, '1992': 0.56, '1993': 0.546, '1994': 0.549, '1995': 0.554, '1996': 0.56, '1997': 0.567, '1998': 0.575, '1999': 0.581, '2000': 0.588, '2001': 0.599, '2002': 0.608, '2003': 0.621, '2004': 0.636, '2005': 0.649, '2006': 0.659, '2007': 0.671, '2008': 0.682, '2009': 0.687, '2010': 0.696, '2011': 0.71, '2012': 0.718, '2013': 0.727, '2014': 0.732, '2015': 0.735, '2016': 0.729, '2017': 0.728, '2018': 0.735, '2019': 0.737}"
MOZ,"{'1990': 0.227, '1991': 0.231, '1992': 0.227, '1993': 0.234, '1994': 0.241, '1995': 0.248, '1996': 0.263, '1997': 0.275, '1998': 0.287, '1999': 0.301, '2000': 0.307, '2001': 0.32, '2002': 0.327, '2003': 0.34, '2004': 0.349, '2005': 0.36, '2006': 0.366, '2007': 0.378, '2008': 0.387, '2009': 0.394, '2010': 0.401, '2011': 0.397, '2012': 0.403, '2013': 0.417, '2014': 0.425, '2015': 0.433, '2016': 0.441, '2017': 0.446, '2018': 0.452, '2019': 0.456}"
MRT,"{'1990': 0.397, '1991': 0.402, '1992': 0.41, '1993': 0.423, '1994': 0.435, '1995': 0.442, '1996': 0.451, '1997': 0.45, '1998': 0.459, '1999': 0.464, '2000': 0.464, '2001': 0.463, '2002': 0.467, '2003': 0.472, '2004': 0.482, '2005': 0.486, '2006': 0.496, '2007': 0.495, '2008': 0.494, '2009': 0.502, '2010': 0.505, '2011': 0.509, '2012': 0.517, '2013': 0.525, '2014': 0.531, '2015': 0.536, '2016': 0.542, '2017': 0.54, '2018': 0.542, '2019': 0.546}"
MUS,"{'1990': 0.624, '1991': 0.63, '1992': 0.637, '1993': 0.643, '1994': 0.647, '1995': 0.653, '1996': 0.656, '1997': 0.661, '1998': 0.667, '1999': 0.672, '2000': 0.678, '2001': 0.687, '2002': 0.692, '2003': 0.701, '2004': 0.708, '2005': 0.717, '2006': 0.724, '2007': 0.731, '2008': 0.738, '2009': 0.745, '2010': 0.751, '2011': 0.76, '2012': 0.771, '2013': 0.779, '2014': 0.789, '2015': 0.789, '2016': 0.794, '2017': 0.797, '2018': 0.801, '2019': 0.804}"
MWI,"{'1990': 0.333, '1991': 0.34, '1992': 0.348, '1993': 0.356, '1994': 0.356, '1995': 0.389, '1996': 0.376, '1997': 0.395, '1998': 0.395, '1999': 0.395, '2000': 0.388, '2001': 0.388, '2002': 0.357, '2003': 0.361, '2004': 0.363, '2005': 0.367, '2006': 0.377, '2007': 0.388, '2008': 0.405, '2009': 0.42, '2010': 0.431, '2011': 0.44, '2012': 0.446, '2013': 0.456, '2014': 0.465, '2015': 0.468, '2016': 0.472, '2017': 0.473, '2018': 0.478, '2019': 0.483}"
MYS,"{'1990': 0.643, '1991': 0.651, '1992': 0.66, '1993': 0.667, '1994': 0.675, '1995': 0.682, '1996': 0.694, '1997': 0.704, '1998': 0.708, '1999': 0.713, '2000': 0.723, '2001': 0.721, '2002': 0.723, '2003': 0.73, '2004': 0.733, '2005': 0.73, '2006': 0.737, '2007': 0.75, '2008': 0.761, '2009': 0.765, '2010': 0.772, '2011': 0.778, '2012': 0.781, '2013': 0.785, '2014': 0.791, '2015': 0.796, '2016': 0.8, '2017': 0.805, '2018': 0.805, '2019': 0.81}"
NAM,"{'1990': 0.581, '1991': 0.583, '1992': 0.587, '1993': 0.587, '1994': 0.587, '1995': 0.582, '1996': 0.573, '1997': 0.564, '1998': 0.557, '1999': 0.547, '2000': 0.544, '2001': 0.543, '2002': 0.541, '2003': 0.543, '2004': 0.545, '2005': 0.545, '2006': 0.551, '2007': 0.559, '2008': 0.567, '2009': 0.576, '2010': 0.589, '2011': 0.602, '2012': 0.613, '2013': 0.624, '2014': 0.631, '2015': 0.638, '2016': 0.639, '2017': 0.644, '2018': 0.645, '2019': 0.646}"
NER,"{'1990': 0.22, '1991': 0.223, '1992': 0.226, '1993': 0.231, '1994': 0.235, '1995': 0.24, '1996': 0.244, '1997': 0.248, '1998': 0.255, '1999': 0.259, '2000': 0.262, '2001': 0.268, '2002': 0.273, '2003': 0.276, '2004': 0.285, '2005': 0.294, '2006': 0.3, '2007': 0.306, '2008': 0.314, '2009': 0.321, '2010': 0.331, '2011': 0.338, '2012': 0.35, '2013': 0.357, '2014': 0.365, '2015': 0.372, '2016': 0.378, '2017': 0.386, '2018': 0.391, '2019': 0.394}"
NGA,"{'2003': 0.45, '2004': 0.46, '2005': 0.465, '2006': 0.473, '2007': 0.478, '2008': 0.484, '2009': 0.49, '2010': 0.482, '2011': 0.492, '2012': 0.5, '2013': 0.519, '2014': 0.523, '2015': 0.526, '2016': 0.526, '2017': 0.531, '2018': 0.534, '2019': 0.539}"
NIC,"{'1990': 0.497, '1991': 0.506, '1992': 0.513, '1993': 0.516, '1994': 0.521, '1995': 0.531, '1996': 0.541, '1997': 0.55, '1998': 0.559, '1999': 0.568, '2000': 0.577, '2001': 0.583, '2002': 0.589, '2003': 0.592, '2004': 0.597, '2005': 0.601, '2006': 0.605, '2007': 0.611, '2008': 0.616, '2009': 0.617, '2010': 0.622, '2011': 0.628, '2012': 0.633, '2013': 0.639, '2014': 0.649, '2015': 0.652, '2016': 0.657, '2017': 0.661, '2018': 0.659, '2019': 0.66}"
NLD,"{'1990': 0.836, '1991': 0.84, '1992': 0.841, '1993': 0.846, '1994': 0.871, '1995': 0.868, '1996': 0.872, '1997': 0.872, '1998': 0.874, '1999': 0.877, '2000': 0.882, '2001': 0.886, '2002': 0.885, '2003': 0.89, '2004': 0.892, '2005': 0.897, '2006': 0.903, '2007': 0.91, '2008': 0.913, '2009': 0.912, '2010': 0.917, '2011': 0.928, '2012': 0.928, '2013': 0.93, '2014': 0.932, '2015': 0.934, '2016': 0.936, '2017': 0.939, '2018': 0.942, '2019': 0.944}"
NOR,"{'1990': 0.849, '1991': 0.854, '1992': 0.861, '1993': 0.869, '1994': 0.883, '1995': 0.881, '1996': 0.887, '1997': 0.893, '1998': 0.904, '1999': 0.909, '2000': 0.915, '2001': 0.914, '2002': 0.917, '2003': 0.923, '2004': 0.932, '2005': 0.931, '2006': 0.934, '2007': 0.936, '2008': 0.937, '2009': 0.937, '2010': 0.94, '2011': 0.942, '2012': 0.941, '2013': 0.944, '2014': 0.944, '2015': 0.947, '2016': 0.95, '2017': 0.954, '2018': 0.956, '2019': 0.957}"
NPL,"{'1990': 0.387, '1991': 0.395, '1992': 0.402, '1993': 0.407, '1994': 0.414, '1995': 0.419, '1996': 0.428, '1997': 0.435, '1998': 0.44, '1999': 0.447, '2000': 0.453, '2001': 0.454, '2002': 0.464, '2003': 0.47, '2004': 0.476, '2005': 0.482, '2006': 0.493, '2007': 0.498, '2008': 0.509, '2009': 0.522, '2010': 0.537, '2011': 0.545, '2012': 0.559, '2013': 0.568, '2014': 0.576, '2015': 0.583, '2016': 0.586, '2017': 0.588, '2018': 0.596, '2019': 0.602}"
NZL,"{'1990': 0.826, '1991': 0.827, '1992': 0.832, '1993': 0.844, '1994': 0.853, '1995': 0.859, '1996': 0.862, '1997': 0.868, '1998': 0.87, '1999': 0.872, '2000': 0.876, '2001': 0.88, '2002': 0.888, '2003': 0.891, '2004': 0.894, '2005': 0.896, '2006': 0.898, '2007': 0.901, '2008': 0.902, '2009': 0.905, '2010': 0.906, '2011': 0.909, '2012': 0.911, '2013': 0.914, '2014': 0.916, '2015': 0.921, '2016': 0.924, '2017': 0.926, '2018': 0.928, '2019': 0.931}"
OMN,"{'2000': 0.693, '2001': 0.705, '2002': 0.714, '2003': 0.724, '2004': 0.731, '2005': 0.736, '2006': 0.74, '2007': 0.752, '2008': 0.77, '2009': 0.777, '2010': 0.782, '2011': 0.782, '2012': 0.791, '2013': 0.799, '2014': 0.802, '2015': 0.814, '2016': 0.815, '2017': 0.819, '2018': 0.813, '2019': 0.813}"
PAK,"{'1990': 0.402, '1991': 0.407, '1992': 0.413, '1993': 0.417, '1994': 0.421, '1995': 0.426, '1996': 0.431, '1997': 0.434, '1998': 0.438, '1999': 0.443, '2000': 0.447, '2001': 0.454, '2002': 0.462, '2003': 0.471, '2004': 0.473, '2005': 0.486, '2006': 0.492, '2007': 0.496, '2008': 0.503, '2009': 0.508, '2010': 0.512, '2011': 0.516, '2012': 0.519, '2013': 0.523, '2014': 0.53, '2015': 0.536, '2016': 0.542, '2017': 0.55, '2018': 0.552, '2019': 0.557}"
PAN,"{'1990': 0.675, '1991': 0.68, '1992': 0.688, '1993': 0.696, '1994': 0.699, '1995': 0.704, '1996': 0.71, '1997': 0.716, '1998': 0.724, '1999': 0.729, '2000': 0.735, '2001': 0.738, '2002': 0.744, '2003': 0.746, '2004': 0.751, '2005': 0.754, '2006': 0.759, '2007': 0.767, '2008': 0.771, '2009': 0.772, '2010': 0.774, '2011': 0.78, '2012': 0.786, '2013': 0.791, '2014': 0.795, '2015': 0.799, '2016': 0.805, '2017': 0.811, '2018': 0.812, '2019': 0.815}"
PER,"{'1990': 0.613, '1991': 0.62, '1992': 0.62, '1993': 0.625, '1994': 0.636, '1995': 0.646, '1996': 0.651, '1997': 0.657, '1998': 0.667, '1999': 0.677, '2000': 0.679, '2001': 0.687, '2002': 0.688, '2003': 0.687, '2004': 0.694, '2005': 0.699, '2006': 0.697, '2007': 0.704, '2008': 0.715, '2009': 0.718, '2010': 0.721, '2011': 0.734, '2012': 0.742, '2013': 0.75, '2014': 0.76, '2015': 0.759, '2016': 0.765, '2017': 0.767, '2018': 0.771, '2019': 0.777}"
PHL,"{'1990': 0.593, '1991': 0.595, '1992': 0.598, '1993': 0.601, '1994': 0.605, '1995': 0.609, '1996': 0.617, '1997': 0.621, '1998': 0.626, '1999': 0.63, '2000': 0.632, '2001': 0.633, '2002': 0.638, '2003': 0.642, '2004': 0.652, '2005': 0.654, '2006': 0.656, '2007': 0.662, '2008': 0.666, '2009': 0.665, '2010': 0.671, '2011': 0.676, '2012': 0.684, '2013': 0.691, '2014': 0.696, '2015': 0.701, '2016': 0.704, '2017': 0.708, '2018': 0.711, '2019': 0.718}"
PLW,"{'2000': 0.744, '2001': 0.747, '2002': 0.751, '2003': 0.755, '2004': 0.758, '2005': 0.77, '2006': 0.774, '2007': 0.78, '2008': 0.781, '2009': 0.782, '2010': 0.786, '2011': 0.793, '2012': 0.795, '2013': 0.821, '2014': 0.825, '2015': 0.82, '2016': 0.822, '2017': 0.822, '2018': 0.822, '2019': 0.826}"
PNG,"{'1990': 0.38, '1991': 0.389, '1992': 0.398, '1993': 0.411, '1994': 0.417, '1995': 0.425, '1996': 0.433, '1997': 0.435, '1998': 0.442, '1999': 0.445, '2000': 0.45, '2001': 0.456, '2002': 0.462, '2003': 0.47, '2004': 0.473, '2005': 0.48, '2006': 0.485, '2007': 0.498, '2008': 0.503, '2009': 0.512, '2010': 0.522, '2011': 0.53, '2012': 0.52, '2013': 0.537, '2014': 0.542, '2015': 0.548, '2016': 0.549, '2017': 0.549, '2018': 0.549, '2019': 0.555}"
POL,"{'1990': 0.718, '1991': 0.716, '1992': 0.719, '1993': 0.73, '1994': 0.739, '1995': 0.745, '1996': 0.753, '1997': 0.764, '1998': 0.774, '1999': 0.783, '2000': 0.79, '2001': 0.796, '2002': 0.804, '2003': 0.809, '2004': 0.807, '2005': 0.813, '2006': 0.819, '2007': 0.824, '2008': 0.829, '2009': 0.834, '2010': 0.84, '2011': 0.845, '2012': 0.842, '2013': 0.856, '2014': 0.858, '2015': 0.863, '2016': 0.869, '2017': 0.873, '2018': 0.877, '2019': 0.88}"
PRT,"{'1990': 0.718, '1991': 0.727, '1992': 0.739, '1993': 0.753, '1994': 0.76, '1995': 0.767, '1996': 0.774, '1997': 0.78, '1998': 0.787, '1999': 0.786, '2000': 0.792, '2001': 0.798, '2002': 0.799, '2003': 0.805, '2004': 0.809, '2005': 0.813, '2006': 0.811, '2007': 0.814, '2008': 0.817, '2009': 0.823, '2010': 0.829, '2011': 0.833, '2012': 0.836, '2013': 0.84, '2014': 0.847, '2015': 0.854, '2016': 0.855, '2017': 0.858, '2018': 0.86, '2019': 0.864}"
PRY,"{'1990': 0.598, '1991': 0.604, '1992': 0.608, '1993': 0.615, '1994': 0.62, '1995': 0.625, '1996': 0.632, '1997': 0.637, '1998': 0.641, '1999': 0.644, '2000': 0.643, '2001': 0.652, '2002': 0.662, '2003': 0.66, '2004': 0.667, '2005': 0.67, '2006': 0.67, '2007': 0.675, '2008': 0.684, '2009': 0.681, '2010': 0.696, '2011': 0.701, '2012': 0.701, '2013': 0.712, '2014': 0.715, '2015': 0.721, '2016': 0.722, '2017': 0.726, '2018': 0.727, '2019': 0.728}"
PSE,"{'2004': 0.651, '2005': 0.659, '2006': 0.659, '2007': 0.669, '2008': 0.674, '2009': 0.679, '2010': 0.684, '2011': 0.692, '2012': 0.698, '2013': 0.695, '2014': 0.697, '2015': 0.701, '2016': 0.704, '2017': 0.706, '2018': 0.708, '2019': 0.708}"
QAT,"{'1990': 0.75, '1991': 0.747, '1992': 0.751, '1993': 0.762, '1994': 0.773, '1995': 0.782, '1996': 0.794, '1997': 0.806, '1998': 0.81, '1999': 0.814, '2000': 0.816, '2001': 0.817, '2002': 0.822, '2003': 0.83, '2004': 0.832, '2005': 0.838, '2006': 0.835, '2007': 0.838, '2008': 0.843, '2009': 0.841, '2010': 0.834, '2011': 0.84, '2012': 0.854, '2013': 0.842, '2014': 0.835, '2015': 0.839, '2016': 0.845, '2017': 0.848, '2018': 0.845, '2019': 0.848}"
ROU,"{'1990': 0.708, '1991': 0.694, '1992': 0.686, '1993': 0.686, '1994': 0.688, '1995': 0.694, '1996': 0.702, '1997': 0.703, '1998': 0.705, '1999': 0.711, '2000': 0.716, '2001': 0.722, '2002': 0.731, '2003': 0.739, '2004': 0.753, '2005': 0.762, '2006': 0.774, '2007': 0.788, '2008': 0.803, '2009': 0.806, '2010': 0.805, '2011': 0.806, '2012': 0.803, '2013': 0.808, '2014': 0.811, '2015': 0.815, '2016': 0.82, '2017': 0.821, '2018': 0.823, '2019': 0.828}"
RUS,"{'1990': 0.735, '1991': 0.731, '1992': 0.72, '1993': 0.712, '1994': 0.703, '1995': 0.702, '1996': 0.703, '1997': 0.705, '1998': 0.705, '1999': 0.711, '2000': 0.722, '2001': 0.728, '2002': 0.734, '2003': 0.742, '2004': 0.748, '2005': 0.753, '2006': 0.76, '2007': 0.769, '2008': 0.775, '2009': 0.773, '2010': 0.781, '2011': 0.79, '2012': 0.798, '2013': 0.802, '2014': 0.807, '2015': 0.809, '2016': 0.815, '2017': 0.82, '2018': 0.823, '2019': 0.824}"
RWA,"{'1990': 0.248, '1991': 0.22, '1992': 0.202, '1993': 0.197, '1994': 0.192, '1995': 0.231, '1996': 0.263, '1997': 0.291, '1998': 0.307, '1999': 0.326, '2000': 0.341, '2001': 0.35, '2002': 0.366, '2003': 0.379, '2004': 0.396, '2005': 0.413, '2006': 0.434, '2007': 0.45, '2008': 0.461, '2009': 0.477, '2010': 0.492, '2011': 0.5, '2012': 0.508, '2013': 0.515, '2014': 0.521, '2015': 0.526, '2016': 0.527, '2017': 0.535, '2018': 0.54, '2019': 0.543}"
SAU,"{'1990': 0.697, '1991': 0.705, '1992': 0.71, '1993': 0.714, '1994': 0.718, '1995': 0.722, '1996': 0.726, '1997': 0.731, '1998': 0.736, '1999': 0.738, '2000': 0.743, '2001': 0.746, '2002': 0.748, '2003': 0.755, '2004': 0.764, '2005': 0.77, '2006': 0.777, '2007': 0.783, '2008': 0.792, '2009': 0.796, '2010': 0.809, '2011': 0.823, '2012': 0.835, '2013': 0.845, '2014': 0.852, '2015': 0.859, '2016': 0.859, '2017': 0.852, '2018': 0.854, '2019': 0.854}"
SDN,"{'1990': 0.331, '1991': 0.336, '1992': 0.344, '1993': 0.352, '1994': 0.358, '1995': 0.366, '1996': 0.374, '1997': 0.384, '1998': 0.39, '1999': 0.396, '2000': 0.403, '2001': 0.409, '2002': 0.415, '2003': 0.422, '2004': 0.43, '2005': 0.437, '2006': 0.443, '2007': 0.45, '2008': 0.461, '2009': 0.468, '2010': 0.469, '2011': 0.474, '2012': 0.486, '2013': 0.494, '2014': 0.499, '2015': 0.504, '2016': 0.507, '2017': 0.509, '2018': 0.506, '2019': 0.51}"
SEN,"{'1990': 0.376, '1991': 0.377, '1992': 0.377, '1993': 0.377, '1994': 0.376, '1995': 0.378, '1996': 0.379, '1997': 0.38, '1998': 0.382, '1999': 0.385, '2000': 0.39, '2001': 0.405, '2002': 0.41, '2003': 0.418, '2004': 0.426, '2005': 0.434, '2006': 0.438, '2007': 0.447, '2008': 0.457, '2009': 0.461, '2010': 0.468, '2011': 0.471, '2012': 0.487, '2013': 0.494, '2014': 0.499, '2015': 0.506, '2016': 0.509, '2017': 0.512, '2018': 0.516, '2019': 0.512}"
SGP,"{'1990': 0.721, '1991': 0.731, '1992': 0.742, '1993': 0.753, '1994': 0.764, '1995': 0.774, '1996': 0.783, '1997': 0.794, '1998': 0.799, '1999': 0.81, '2000': 0.821, '2001': 0.825, '2002': 0.833, '2003': 0.842, '2004': 0.849, '2005': 0.874, '2006': 0.881, '2007': 0.882, '2008': 0.888, '2009': 0.888, '2010': 0.909, '2011': 0.913, '2012': 0.918, '2013': 0.921, '2014': 0.926, '2015': 0.931, '2016': 0.935, '2017': 0.933, '2018': 0.936, '2019': 0.938}"
SLB,"{'1999': 0.489, '2000': 0.475, '2001': 0.48, '2002': 0.486, '2003': 0.492, '2004': 0.5, '2005': 0.509, '2006': 0.519, '2007': 0.526, '2008': 0.524, '2009': 0.517, '2010': 0.537, '2011': 0.541, '2012': 0.553, '2013': 0.558, '2014': 0.559, '2015': 0.563, '2016': 0.561, '2017': 0.562, '2018': 0.564, '2019': 0.567}"
SLE,"{'1990': 0.287, '1991': 0.28, '1992': 0.278, '1993': 0.282, '1994': 0.284, '1995': 0.287, '1996': 0.282, '1997': 0.28, '1998': 0.284, '1999': 0.287, '2000': 0.295, '2001': 0.309, '2002': 0.326, '2003': 0.336, '2004': 0.345, '2005': 0.354, '2006': 0.362, '2007': 0.375, '2008': 0.386, '2009': 0.394, '2010': 0.399, '2011': 0.406, '2012': 0.421, '2013': 0.433, '2014': 0.438, '2015': 0.431, '2016': 0.431, '2017': 0.443, '2018': 0.447, '2019': 0.452}"
SLV,"{'1990': 0.536, '1991': 0.54, '1992': 0.552, '1993': 0.562, '1994': 0.571, '1995': 0.58, '1996': 0.588, '1997': 0.597, '1998': 0.606, '1999': 0.608, '2000': 0.615, '2001': 0.62, '2002': 0.627, '2003': 0.633, '2004': 0.639, '2005': 0.646, '2006': 0.653, '2007': 0.652, '2008': 0.655, '2009': 0.656, '2010': 0.668, '2011': 0.664, '2012': 0.669, '2013': 0.67, '2014': 0.668, '2015': 0.668, '2016': 0.671, '2017': 0.671, '2018': 0.67, '2019': 0.673}"
SRB,"{'1990': 0.722, '1991': 0.719, '1992': 0.706, '1993': 0.69, '1994': 0.694, '1995': 0.699, '1996': 0.703, '1997': 0.709, '1998': 0.713, '1999': 0.71, '2000': 0.716, '2001': 0.723, '2002': 0.726, '2003': 0.732, '2004': 0.74, '2005': 0.749, '2006': 0.754, '2007': 0.758, '2008': 0.764, '2009': 0.766, '2010': 0.766, '2011': 0.776, '2012': 0.775, '2013': 0.778, '2014': 0.784, '2015': 0.789, '2016': 0.795, '2017': 0.798, '2018': 0.803, '2019': 0.806}"
SSD,"{'2010': 0.41, '2011': 0.43, '2012': 0.397, '2013': 0.428, '2014': 0.428, '2015': 0.425, '2016': 0.421, '2017': 0.426, '2018': 0.429, '2019': 0.433}"
STP,"{'1990': 0.452, '1991': 0.454, '1992': 0.457, '1993': 0.46, '1994': 0.465, '1995': 0.469, '1996': 0.475, '1997': 0.479, '1998': 0.485, '1999': 0.492, '2000': 0.498, '2001': 0.506, '2002': 0.511, '2003': 0.519, '2004': 0.526, '2005': 0.533, '2006': 0.543, '2007': 0.548, '2008': 0.546, '2009': 0.556, '2010': 0.561, '2011': 0.568, '2012': 0.573, '2013': 0.582, '2014': 0.591, '2015': 0.604, '2016': 0.608, '2017': 0.619, '2018': 0.624, '2019': 0.625}"
SUR,"{'2004': 0.682, '2005': 0.686, '2006': 0.691, '2007': 0.697, '2008': 0.701, '2009': 0.707, '2010': 0.71, '2011': 0.717, '2012': 0.729, '2013': 0.734, '2014': 0.735, '2015': 0.74, '2016': 0.735, '2017': 0.732, '2018': 0.734, '2019': 0.738}"
SVK,"{'1990': 0.741, '1991': 0.736, '1992': 0.735, '1993': 0.738, '1994': 0.745, '1995': 0.752, '1996': 0.756, '1997': 0.758, '1998': 0.764, '1999': 0.763, '2000': 0.765, '2001': 0.766, '2002': 0.773, '2003': 0.778, '2004': 0.786, '2005': 0.796, '2006': 0.805, '2007': 0.816, '2008': 0.823, '2009': 0.825, '2010': 0.831, '2011': 0.838, '2012': 0.843, '2013': 0.845, '2014': 0.847, '2015': 0.85, '2016': 0.853, '2017': 0.855, '2018': 0.858, '2019': 0.86}"
SVN,"{'1990': 0.774, '1991': 0.772, '1992': 0.774, '1993': 0.776, '1994': 0.783, '1995': 0.79, '1996': 0.796, '1997': 0.804, '1998': 0.813, '1999': 0.826, '2000': 0.832, '2001': 0.843, '2002': 0.85, '2003': 0.857, '2004': 0.864, '2005': 0.869, '2006': 0.876, '2007': 0.88, '2008': 0.886, '2009': 0.885, '2010': 0.889, '2011': 0.891, '2012': 0.884, '2013': 0.893, '2014': 0.894, '2015': 0.894, '2016': 0.9, '2017': 0.907, '2018': 0.912, '2019': 0.917}"
SWE,"{'1990': 0.821, '1991': 0.823, '1992': 0.826, '1993': 0.846, '1994': 0.855, '1995': 0.862, '1996': 0.869, '1997': 0.88, '1998': 0.894, '1999': 0.899, '2000': 0.903, '2001': 0.905, '2002': 0.908, '2003': 0.913, '2004': 0.901, '2005': 0.904, '2006': 0.908, '2007': 0.91, '2008': 0.907, '2009': 0.905, '2010': 0.911, '2011': 0.912, '2012': 0.914, '2013': 0.933, '2014': 0.935, '2015': 0.938, '2016': 0.94, '2017': 0.942, '2018': 0.943, '2019': 0.945}"
SWZ,"{'1990': 0.541, '1991': 0.542, '1992': 0.539, '1993': 0.534, '1994': 0.527, '1995': 0.523, '1996': 0.515, '1997': 0.503, '1998': 0.49, '1999': 0.479, '2000': 0.465, '2001': 0.454, '2002': 0.442, '2003': 0.437, '2004': 0.445, '2005': 0.456, '2006': 0.469, '2007': 0.478, '2008': 0.487, '2009': 0.498, '2010': 0.51, '2011': 0.524, '2012': 0.539, '2013': 0.554, '2014': 0.568, '2015': 0.581, '2016': 0.588, '2017': 0.597, '2018': 0.605, '2019': 0.611}"
SYC,"{'2000': 0.714, '2001': 0.71, '2002': 0.711, '2003': 0.714, '2004': 0.716, '2005': 0.732, '2006': 0.722, '2007': 0.745, '2008': 0.75, '2009': 0.754, '2010': 0.764, '2011': 0.767, '2012': 0.755, '2013': 0.775, '2014': 0.775, '2015': 0.786, '2016': 0.787, '2017': 0.789, '2018': 0.79, '2019': 0.796}"
SYR,"{'1990': 0.55, '1991': 0.556, '1992': 0.56, '1993': 0.564, '1994': 0.572, '1995': 0.575, '1996': 0.582, '1997': 0.586, '1998': 0.588, '1999': 0.593, '2000': 0.6, '2001': 0.607, '2002': 0.607, '2003': 0.62, '2004': 0.636, '2005': 0.652, '2006': 0.662, '2007': 0.673, '2008': 0.676, '2009': 0.674, '2010': 0.672, '2011': 0.678, '2012': 0.664, '2013': 0.596, '2014': 0.556, '2015': 0.537, '2016': 0.528, '2017': 0.564, '2018': 0.563, '2019': 0.567}"
TCD,"{'2000': 0.293, '2001': 0.301, '2002': 0.307, '2003': 0.305, '2004': 0.324, '2005': 0.327, '2006': 0.33, '2007': 0.34, '2008': 0.346, '2009': 0.361, '2010': 0.369, '2011': 0.38, '2012': 0.388, '2013': 0.394, '2014': 0.401, '2015': 0.398, '2016': 0.393, '2017': 0.396, '2018': 0.397, '2019': 0.398}"
TGO,"{'1990': 0.406, '1991': 0.409, '1992': 0.4, '1993': 0.391, '1994': 0.397, '1995': 0.41, '1996': 0.418, '1997': 0.426, '1998': 0.425, '1999': 0.426, '2000': 0.427, '2001': 0.43, '2002': 0.433, '2003': 0.438, '2004': 0.439, '2005': 0.438, '2006': 0.444, '2007': 0.439, '2008': 0.447, '2009': 0.456, '2010': 0.466, '2011': 0.479, '2012': 0.482, '2013': 0.488, '2014': 0.493, '2015': 0.499, '2016': 0.502, '2017': 0.506, '2018': 0.51, '2019': 0.515}"
THA,"{'1990': 0.577, '1991': 0.586, '1992': 0.592, '1993': 0.6, '1994': 0.607, '1995': 0.614, '1996': 0.622, '1997': 0.628, '1998': 0.633, '1999': 0.643, '2000': 0.652, '2001': 0.66, '2002': 0.669, '2003': 0.677, '2004': 0.686, '2005': 0.696, '2006': 0.697, '2007': 0.714, '2008': 0.718, '2009': 0.722, '2010': 0.724, '2011': 0.733, '2012': 0.737, '2013': 0.734, '2014': 0.742, '2015': 0.749, '2016': 0.756, '2017': 0.765, '2018': 0.772, '2019': 0.777}"
TJK,"{'1990': 0.617, '1991': 0.612, '1992': 0.592, '1993': 0.575, '1994': 0.556, '1995': 0.549, '1996': 0.535, '1997': 0.54, '1998': 0.544, '1999': 0.548, '2000': 0.555, '2001': 0.564, '2002': 0.573, '2003': 0.588, '2004': 0.6, '2005': 0.607, '2006': 0.617, '2007': 0.621, '2008': 0.639, '2009': 0.633, '2010': 0.638, '2011': 0.636, '2012': 0.643, '2013': 0.653, '2014': 0.652, '2015': 0.652, '2016': 0.653, '2017': 0.657, '2018': 0.661, '2019': 0.668}"
TKM,"{'2010': 0.666, '2011': 0.673, '2012': 0.679, '2013': 0.685, '2014': 0.689, '2015': 0.694, '2016': 0.699, '2017': 0.701, '2018': 0.71, '2019': 0.715}"
TLS,"{'2000': 0.484, '2001': 0.492, '2002': 0.503, '2003': 0.504, '2004': 0.518, '2005': 0.537, '2006': 0.563, '2007': 0.585, '2008': 0.616, '2009': 0.611, '2010': 0.628, '2011': 0.644, '2012': 0.639, '2013': 0.63, '2014': 0.62, '2015': 0.61, '2016': 0.598, '2017': 0.599, '2018': 0.599, '2019': 0.606}"
TON,"{'1990': 0.654, '1991': 0.659, '1992': 0.661, '1993': 0.665, '1994': 0.672, '1995': 0.675, '1996': 0.675, '1997': 0.675, '1998': 0.678, '1999': 0.679, '2000': 0.675, '2001': 0.679, '2002': 0.684, '2003': 0.693, '2004': 0.682, '2005': 0.682, '2006': 0.683, '2007': 0.686, '2008': 0.688, '2009': 0.693, '2010': 0.699, '2011': 0.704, '2012': 0.708, '2013': 0.708, '2014': 0.707, '2015': 0.72, '2016': 0.722, '2017': 0.723, '2018': 0.723, '2019': 0.725}"
TTO,"{'1990': 0.668, '1991': 0.67, '1992': 0.67, '1993': 0.672, '1994': 0.676, '1995': 0.681, '1996': 0.687, '1997': 0.695, '1998': 0.694, '1999': 0.713, '2000': 0.717, '2001': 0.725, '2002': 0.726, '2003': 0.74, '2004': 0.75, '2005': 0.748, '2006': 0.763, '2007': 0.771, '2008': 0.778, '2009': 0.782, '2010': 0.784, '2011': 0.782, '2012': 0.78, '2013': 0.783, '2014': 0.785, '2015': 0.792, '2016': 0.792, '2017': 0.795, '2018': 0.795, '2019': 0.796}"
TUN,"{'1990': 0.567, '1991': 0.573, '1992': 0.581, '1993': 0.587, '1994': 0.598, '1995': 0.605, '1996': 0.614, '1997': 0.621, '1998': 0.632, '1999': 0.643, '2000': 0.651, '2001': 0.659, '2002': 0.664, '2003': 0.671, '2004': 0.681, '2005': 0.688, '2006': 0.694, '2007': 0.7, '2008': 0.707, '2009': 0.709, '2010': 0.716, '2011': 0.718, '2012': 0.72, '2013': 0.723, '2014': 0.726, '2015': 0.729, '2016': 0.731, '2017': 0.734, '2018': 0.738, '2019': 0.74}"
TUR,"{'1990': 0.583, '1991': 0.587, '1992': 0.594, '1993': 0.601, '1994': 0.603, '1995': 0.611, '1996': 0.62, '1997': 0.629, '1998': 0.64, '1999': 0.648, '2000': 0.66, '2001': 0.666, '2002': 0.677, '2003': 0.684, '2004': 0.69, '2005': 0.696, '2006': 0.704, '2007': 0.712, '2008': 0.714, '2009': 0.72, '2010': 0.739, '2011': 0.753, '2012': 0.765, '2013': 0.785, '2014': 0.796, '2015': 0.801, '2016': 0.808, '2017': 0.814, '2018': 0.817, '2019': 0.82}"
TZA,"{'1990': 0.368, '1991': 0.369, '1992': 0.367, '1993': 0.367, '1994': 0.366, '1995': 0.367, '1996': 0.369, '1997': 0.37, '1998': 0.377, '1999': 0.383, '2000': 0.39, '2001': 0.397, '2002': 0.407, '2003': 0.416, '2004': 0.426, '2005': 0.437, '2006': 0.447, '2007': 0.456, '2008': 0.465, '2009': 0.474, '2010': 0.481, '2011': 0.487, '2012': 0.496, '2013': 0.497, '2014': 0.504, '2015': 0.514, '2016': 0.52, '2017': 0.523, '2018': 0.524, '2019': 0.529}"
UGA,"{'1990': 0.32, '1991': 0.32, '1992': 0.313, '1993': 0.32, '1994': 0.322, '1995': 0.328, '1996': 0.344, '1997': 0.358, '1998': 0.373, '1999': 0.39, '2000': 0.404, '2001': 0.412, '2002': 0.427, '2003': 0.436, '2004': 0.436, '2005': 0.444, '2006': 0.456, '2007': 0.466, '2008': 0.479, '2009': 0.487, '2010': 0.498, '2011': 0.504, '2012': 0.507, '2013': 0.513, '2014': 0.519, '2015': 0.525, '2016': 0.529, '2017': 0.532, '2018': 0.538, '2019': 0.544}"
UKR,"{'1990': 0.725, '1991': 0.721, '1992': 0.713, '1993': 0.703, '1994': 0.69, '1995': 0.686, '1996': 0.684, '1997': 0.686, '1998': 0.688, '1999': 0.69, '2000': 0.694, '2001': 0.708, '2002': 0.717, '2003': 0.725, '2004': 0.732, '2005': 0.738, '2006': 0.744, '2007': 0.751, '2008': 0.755, '2009': 0.749, '2010': 0.755, '2011': 0.76, '2012': 0.764, '2013': 0.767, '2014': 0.771, '2015': 0.765, '2016': 0.768, '2017': 0.771, '2018': 0.774, '2019': 0.779}"
URY,"{'1990': 0.694, '1991': 0.699, '1992': 0.702, '1993': 0.705, '1994': 0.711, '1995': 0.712, '1996': 0.718, '1997': 0.729, '1998': 0.737, '1999': 0.739, '2000': 0.743, '2001': 0.747, '2002': 0.749, '2003': 0.752, '2004': 0.755, '2005': 0.758, '2006': 0.763, '2007': 0.765, '2008': 0.769, '2009': 0.775, '2010': 0.782, '2011': 0.789, '2012': 0.793, '2013': 0.8, '2014': 0.803, '2015': 0.806, '2016': 0.81, '2017': 0.814, '2018': 0.816, '2019': 0.817}"
USA,"{'1990': 0.865, '1991': 0.867, '1993': 0.877, '1994': 0.88, '1995': 0.883, '1996': 0.884, '1998': 0.889, '1999': 0.89, '2000': 0.886, '2001': 0.889, '2002': 0.891, '2003': 0.894, '2004': 0.897, '2005': 0.9, '2006': 0.903, '2007': 0.906, '2008': 0.911, '2009': 0.912, '2010': 0.916, '2011': 0.919, '2012': 0.92, '2013': 0.918, '2014': 0.92, '2015': 0.921, '2016': 0.922, '2017': 0.924, '2018': 0.925, '2019': 0.926}"
UZB,"{'2000': 0.599, '2001': 0.607, '2002': 0.614, '2003': 0.619, '2004': 0.626, '2005': 0.633, '2006': 0.637, '2007': 0.649, '2008': 0.653, '2009': 0.66, '2010': 0.669, '2011': 0.676, '2012': 0.685, '2013': 0.692, '2014': 0.696, '2015': 0.701, '2016': 0.705, '2017': 0.713, '2018': 0.717, '2019': 0.72}"
VCT,"{'2000': 0.681, '2001': 0.686, '2002': 0.69, '2003': 0.698, '2004': 0.701, '2005': 0.705, '2006': 0.711, '2007': 0.715, '2008': 0.721, '2009': 0.72, '2010': 0.718, '2011': 0.721, '2012': 0.72, '2013': 0.723, '2014': 0.733, '2015': 0.733, '2016': 0.734, '2017': 0.734, '2018': 0.736, '2019': 0.738}"
VEN,"{'1990': 0.644, '1991': 0.654, '1992': 0.66, '1993': 0.662, '1994': 0.662, '1995': 0.666, '1996': 0.668, '1997': 0.67, '1998': 0.672, '1999': 0.674, '2000': 0.676, '2001': 0.684, '2002': 0.692, '2003': 0.692, '2004': 0.704, '2005': 0.718, '2006': 0.731, '2007': 0.748, '2008': 0.757, '2009': 0.756, '2010': 0.757, '2011': 0.769, '2012': 0.772, '2013': 0.777, '2014': 0.775, '2015': 0.769, '2016': 0.759, '2017': 0.743, '2018': 0.733, '2019': 0.711}"
VNM,"{'1990': 0.483, '1991': 0.493, '1992': 0.504, '1993': 0.514, '1994': 0.525, '1995': 0.537, '1996': 0.548, '1997': 0.547, '1998': 0.567, '1999': 0.574, '2000': 0.586, '2001': 0.594, '2002': 0.602, '2003': 0.611, '2004': 0.62, '2005': 0.624, '2006': 0.632, '2007': 0.64, '2008': 0.647, '2009': 0.659, '2010': 0.661, '2011': 0.671, '2012': 0.676, '2013': 0.681, '2014': 0.683, '2015': 0.688, '2016': 0.693, '2017': 0.696, '2018': 0.7, '2019': 0.704}"
VUT,"{'2005': 0.574, '2006': 0.58, '2007': 0.583, '2008': 0.589, '2009': 0.589, '2010': 0.59, '2011': 0.591, '2012': 0.591, '2013': 0.593, '2014': 0.594, '2015': 0.598, '2016': 0.598, '2017': 0.601, '2018': 0.603, '2019': 0.609}"
WSM,"{'1990': 0.633, '1991': 0.634, '1992': 0.634, '1993': 0.639, '1994': 0.618, '1995': 0.624, '1996': 0.633, '1997': 0.635, '1998': 0.641, '1999': 0.646, '2000': 0.651, '2001': 0.659, '2002': 0.659, '2003': 0.665, '2004': 0.673, '2005': 0.677, '2006': 0.68, '2007': 0.686, '2008': 0.687, '2009': 0.691, '2010': 0.698, '2011': 0.701, '2012': 0.698, '2013': 0.7, '2014': 0.703, '2015': 0.707, '2016': 0.71, '2017': 0.71, '2018': 0.709, '2019': 0.715}"
YEM,"{'1990': 0.401, '1991': 0.401, '1992': 0.404, '1993': 0.406, '1994': 0.408, '1995': 0.414, '1996': 0.421, '1997': 0.426, '1998': 0.431, '1999': 0.435, '2000': 0.444, '2001': 0.453, '2002': 0.461, '2003': 0.47, '2004': 0.477, '2005': 0.483, '2006': 0.488, '2007': 0.492, '2008': 0.495, '2009': 0.502, '2010': 0.506, '2011': 0.506, '2012': 0.504, '2013': 0.509, '2014': 0.502, '2015': 0.483, '2016': 0.474, '2017': 0.467, '2018': 0.468, '2019': 0.47}"
ZAF,"{'1990': 0.627, '1991': 0.634, '1992': 0.642, '1993': 0.648, '1994': 0.65, '1995': 0.653, '1996': 0.65, '1997': 0.646, '1998': 0.64, '1999': 0.635, '2000': 0.631, '2001': 0.611, '2002': 0.619, '2003': 0.619, '2004': 0.619, '2005': 0.622, '2006': 0.626, '2007': 0.632, '2008': 0.646, '2009': 0.655, '2010': 0.664, '2011': 0.665, '2012': 0.675, '2013': 0.685, '2014': 0.693, '2015': 0.701, '2016': 0.703, '2017': 0.705, '2018': 0.707, '2019': 0.709}"
ZMB,"{'1990': 0.421, '1991': 0.417, '1992': 0.416, '1993': 0.419, '1994': 0.414, '1995': 0.415, '1996': 0.416, '1997': 0.416, '1998': 0.416, '1999': 0.42, '2000': 0.425, '2001': 0.432, '2002': 0.441, '2003': 0.451, '2004': 0.46, '2005': 0.471, '2006': 0.482, '2007': 0.488, '2008': 0.503, '2009': 0.517, '2010': 0.527, '2011': 0.534, '2012': 0.549, '2013': 0.557, '2014': 0.561, '2015': 0.569, '2016': 0.571, '2017': 0.578, '2018': 0.582, '2019': 0.584}"
ZWE,"{'1990': 0.478, '1991': 0.481, '1992': 0.467, '1993': 0.463, '1994': 0.46, '1995': 0.453, '1996': 0.453, '1997': 0.447, '1998': 0.442, '1999': 0.437, '2000': 0.43, '2001': 0.431, '2002': 0.423, '2003': 0.414, '2004': 0.411, '2005': 0.411, '2006': 0.414, '2007': 0.421, '2008': 0.422, '2009': 0.458, '2010': 0.482, '2011': 0.499, '2012': 0.525, '2013': 0.537, '2014': 0.547, '2015': 0.553, '2016': 0.558, '2017': 0.563, '2018': 0.569, '2019': 0.571}"
