country,country_code,geo_id_final,region,subnational_cases_7,subnational_cases_14,subnational_population,subnational_rate_14,national_cases_7,national_population,national_testing_rate,national_positivity_rate,subnational_testing_data,positivity_rate_combined,testing_rate_combined,colour,week
Austria,AT,AT11,Burgenland,291,593,293433,202.090426093861,9451.0,8858775.0,7401.847320876759,1.44133180217565,True,1.02627402574502,9663.19398295352,Red,2021-04
Austria,AT,AT12,Niederosterreich,1637,3341,1677542,199.160438307953,9451.0,8858775.0,7401.847320876759,1.44133180217565,True,2.9895175134227,3264.18056895148,Red,2021-04
Austria,AT,AT13,Wien,1722,3443,1897491,181.45013599537498,9451.0,8858775.0,7401.847320876759,1.44133180217565,True,1.18742242449317,7642.723997109871,Red,2021-04
Austria,AT,AT21,Karnten,2035,2659,560939,474.026587561214,9451.0,8858775.0,7401.847320876759,1.44133180217565,True,8.35900595604847,4340.044104617439,Red,2021-04
Austria,AT,AT22,Steiermark,1796,2998,1243052,241.180578125453,9451.0,8858775.0,7401.847320876759,1.44133180217565,True,1.97091906721536,7330.74722537754,Red,2021-04
Austria,AT,AT31,Oberosterreich,2458,3887,1482095,262.263889966568,9451.0,8858775.0,7401.847320876759,1.44133180217565,True,1.4649613197763798,11320.866746058799,Red,2021-04
Austria,AT,AT32,Salzburg,1453,2567,555221,462.338420196642,9451.0,8858775.0,7401.847320876759,1.44133180217565,True,3.22888888888889,8104.880759193191,Red,2021-04
Austria,AT,AT33,Tirol,1187,1953,754705,258.776608078653,9451.0,8858775.0,7401.847320876759,1.44133180217565,True,1.8577062726931297,8466.35440337616,Red,2021-04
Austria,AT,AT34,Vorarlberg,866,1263,394297,320.31691846501496,9451.0,8858775.0,7401.847320876759,1.44133180217565,True,2.4443942644236203,8985.10513648341,Red,2021-04
Belgium,BE,BE1,Region De Bruxelles-Capitale/brussels Hoofdstedelijk Gewest,1494,2988,1215290,245.867241563742,16454.0,11455519.0,3012.0503488318604,4.76863954371301,False,4.76863954371301,3012.0503488318604,Red,2021-04
Belgium,BE,BE2,Vlaams Gewest,9529,18678,6596233,283.16161663786,16454.0,11455519.0,3012.0503488318604,4.76863954371301,False,4.76863954371301,3012.0503488318604,Red,2021-04
Belgium,BE,BE3,Region Wallonne,5158,9209,3643996,252.71707213729098,16454.0,11455519.0,3012.0503488318604,4.76863954371301,False,4.76863954371301,3012.0503488318604,Red,2021-04
Bulgaria,BG,BG31,Severozapaden,366,705,742304,94.97456567659609,3931.0,7000039.0,1058.47981704102,5.3054228412557,False,5.3054228412557,1058.47981704102,Red,2021-04
Bulgaria,BG,BG32,Severen Tsentralen,314,564,784168,71.9233633609125,3931.0,7000039.0,1058.47981704102,5.3054228412557,False,5.3054228412557,1058.47981704102,Red,2021-04
Bulgaria,BG,BG33,Severoiztochen,298,617,929035,66.41299843385879,3931.0,7000039.0,1058.47981704102,5.3054228412557,False,5.3054228412557,1058.47981704102,Red,2021-04
Bulgaria,BG,BG34,Yugoiztochen,659,1233,1032079,119.46759889504601,3931.0,7000039.0,1058.47981704102,5.3054228412557,False,5.3054228412557,1058.47981704102,Red,2021-04
Bulgaria,BG,BG41,Yugozapaden,1527,2610,2102205,124.155351166989,3931.0,7000039.0,1058.47981704102,5.3054228412557,False,5.3054228412557,1058.47981704102,Red,2021-04
Bulgaria,BG,BG42,Yuzhen Tsentralen,827,1468,1410248,104.09516624026399,3931.0,7000039.0,1058.47981704102,5.3054228412557,False,5.3054228412557,1058.47981704102,Red,2021-04
Croatia,HR,HR03,Jadranska Hrvatska,1248,2429,1374071,176.773980383838,3466.0,4076246.0,981.098785500188,8.66673334666933,True,9.57495780266994,948.5681598694679,Red,2021-04
Croatia,HR,HR04,Kontinentalna Hrvatska,2218,4443,2702175,164.42310361098,3466.0,4076246.0,981.098785500188,8.66673334666933,True,8.2276133244306,997.640789364123,Red,2021-04
Cyprus,CY,CY0,Kypros,853,1866,875899,213.038261260716,859.0,875899.0,11775.216092266299,0.8328566303726039,False,0.8328566303726039,11775.216092266299,Red,2021-04
Czechia,CZ,CZ01,Praha,5103,9836,1308632,751.6245972893829,47325.0,10649800.0,3230.60526958253,13.7551481893778,False,13.7551481893778,3230.60526958253,Dark red,2021-04
Czechia,CZ,CZ02,Stredni Cechy,6268,12638,1369332,922.931765269489,47325.0,10649800.0,3230.60526958253,13.7551481893778,False,13.7551481893778,3230.60526958253,Dark red,2021-04
Czechia,CZ,CZ03,Jihozapad,5472,10592,1226805,863.380895904402,47325.0,10649800.0,3230.60526958253,13.7551481893778,False,13.7551481893778,3230.60526958253,Dark red,2021-04
Czechia,CZ,CZ04,Severozapad,6101,11367,1115685,1018.8359617634,47325.0,10649800.0,3230.60526958253,13.7551481893778,False,13.7551481893778,3230.60526958253,Dark red,2021-04
Czechia,CZ,CZ05,Severovychod,10573,20743,1513693,1370.3571331835499,47325.0,10649800.0,3230.60526958253,13.7551481893778,False,13.7551481893778,3230.60526958253,Dark red,2021-04
Czechia,CZ,CZ06,Jihovychod,5759,11819,1696941,696.488563833392,47325.0,10649800.0,3230.60526958253,13.7551481893778,False,13.7551481893778,3230.60526958253,Dark red,2021-04
Czechia,CZ,CZ07,Stredni Morava,4166,9001,1215413,740.57131197379,47325.0,10649800.0,3230.60526958253,13.7551481893778,False,13.7551481893778,3230.60526958253,Dark red,2021-04
Czechia,CZ,CZ08,Moravskoslezsko,4087,8929,1203299,742.043332538297,47325.0,10649800.0,3230.60526958253,13.7551481893778,False,13.7551481893778,3230.60526958253,Dark red,2021-04
Denmark,DK,DK01,Hovedstaden,1526,3801,1835562,207.075544165765,3664.0,5806081.0,13409.1653216688,0.470620270837856,True,0.635200779224023,13088.0351630727,Red,2021-04
Denmark,DK,DK02,Sjaelland,597,1508,836738,180.223678140589,3664.0,5806081.0,13409.1653216688,0.470620270837856,True,0.540256825606545,13206.4039161601,Red,2021-04
Denmark,DK,DK03,Syddanmark,551,1442,1223348,117.873246206313,3664.0,5806081.0,13409.1653216688,0.470620270837856,True,0.314488741759653,14321.7628998453,Orange,2021-04
Denmark,DK,DK04,Midtjylland,415,1099,1320678,83.21483359304841,3664.0,5806081.0,13409.1653216688,0.470620270837856,True,0.25161732339798604,12488.50968972,Orange,2021-04
Denmark,DK,DK05,Nordjylland,265,775,589755,131.410500970742,3664.0,5806081.0,13409.1653216688,0.470620270837856,True,0.302280219466846,14864.986307873602,Orange,2021-04
Denmark,DK,FO,Faroe Islands,2,4,48497,8.24793286182651,3664.0,5806081.0,13409.1653216688,0.470620270837856,False,0.470620270837856,13409.1653216688,Green,2021-04
Denmark,DK,GL,Greenland,0,0,56025,0.0,3664.0,5806081.0,13409.1653216688,0.470620270837856,False,0.470620270837856,13409.1653216688,Green,2021-04
Estonia,EE,EE00,Eesti,3919,6876,1326819,518.231951758303,3492.0,1324820.0,2532.0420887365804,10.409897153078001,False,10.409897153078001,2532.0420887365804,Dark red,2021-04
Finland,FI,FI19,Lansi-Suomi,553,849,1379749,61.532930989622,2902.0,5517919.0,1916.6464748757603,2.7439745080796896,False,2.7439745080796896,1916.6464748757603,Orange,2021-04
Finland,FI,FI1B,Helsinki-Uusimaa,1357,2679,1671024,160.320857151064,2902.0,5517919.0,1916.6464748757603,2.7439745080796896,False,2.7439745080796896,1916.6464748757603,Red,2021-04
Finland,FI,FI1C,Etela-Suomi,473,879,1152719,76.25449046992371,2902.0,5517919.0,1916.6464748757603,2.7439745080796896,False,2.7439745080796896,1916.6464748757603,Orange,2021-04
Finland,FI,FI1D,Pohjois- Ja Ita-Suomi,280,652,1284638,50.753597511516894,2902.0,5517919.0,1916.6464748757603,2.7439745080796896,False,2.7439745080796896,1916.6464748757603,Orange,2021-04
Finland,FI,FI2,Aland,1,3,29789,10.0708315149888,2902.0,5517919.0,1916.6464748757603,2.7439745080796896,False,2.7439745080796896,1916.6464748757603,Green,2021-04
France,FR,FR1,Ile-De-France,27726,53843,12174880,442.246658693967,143497.0,67012883.0,3167.1014661464396,6.761180682313981,True,6.65069119118039,3424.1733799429603,Red,2021-04
France,FR,FRB,Centre - Val De Loire,5149,10204,2576252,396.079265537688,143497.0,67012883.0,3167.1014661464396,6.761180682313981,True,7.52612731126215,2655.6020140886803,Red,2021-04
France,FR,FRC,Bourgogne-Franche-Comte,6292,13175,2811423,468.62389615507897,143497.0,67012883.0,3167.1014661464396,6.761180682313981,True,7.63833248355063,2929.9753185486497,Red,2021-04
France,FR,FRD,Normandie,5571,12004,3330478,360.42874326147796,143497.0,67012883.0,3167.1014661464396,6.761180682313981,True,6.20793403164698,2694.50811565187,Red,2021-04
France,FR,FRE,Nord-Pas De Calais-Picardie,12643,24982,6003815,416.102095084542,143497.0,67012883.0,3167.1014661464396,6.761180682313981,True,6.79811590618245,3097.66373547486,Red,2021-04
France,FR,FRF,Alsace-Champagne-Ardenne-Lorraine,12598,24779,5549586,446.50177508736704,143497.0,67012883.0,3167.1014661464396,6.761180682313981,True,6.92837344361829,3276.4966611923805,Red,2021-04
France,FR,FRG,Pays De La Loire,6370,13134,3757600,349.531615925059,143497.0,67012883.0,3167.1014661464396,6.761180682313981,True,5.91963422793844,2863.7428145624895,Red,2021-04
France,FR,FRH,Bretagne,3538,6870,3318904,206.99604447733398,143497.0,67012883.0,3167.1014661464396,6.761180682313981,True,4.38435610191335,2431.40506625079,Red,2021-04
France,FR,FRI,Aquitaine-Limousin-Poitou-Charentes,10612,20541,5956978,344.82249220997596,143497.0,67012883.0,3167.1014661464396,6.761180682313981,True,5.817727292662599,3062.08953600299,Red,2021-04
France,FR,FRJ,Languedoc-Roussillon-Midi-Pyrenees,13353,25775,5845102,440.967497231015,143497.0,67012883.0,3167.1014661464396,6.761180682313981,True,6.6577584100756395,3431.30025789114,Red,2021-04
France,FR,FRK,Auvergne-Rhone-Alpes,17950,36331,7948287,457.092201124595,143497.0,67012883.0,3167.1014661464396,6.761180682313981,True,7.9931957642742,2825.33834019833,Red,2021-04
France,FR,FRL,Provence-Alpes-Cote D’azur,18817,37620,5030890,747.780213838903,143497.0,67012883.0,3167.1014661464396,6.761180682313981,True,7.920512852891529,4722.28571882907,Dark red,2021-04
France,FR,FRM,Corse,393,713,334938,212.875218697192,143497.0,67012883.0,3167.1014661464396,6.761180682313981,True,2.67201522980691,4391.2604720873705,Red,2021-04
France,FR,FRY1,Guadeloupe,110,230,390253,58.936126051561395,143497.0,67012883.0,3167.1014661464396,6.761180682313981,True,2.6366251198466,1069.05007777006,Orange,2021-04
France,FR,FRY2,Martinique,79,152,372594,40.795074531527604,143497.0,67012883.0,3167.1014661464396,6.761180682313981,True,1.8702651515151498,1133.67365013929,Orange,2021-04
France,FR,FRY3,Guyane,426,1094,268700,407.145515444734,143497.0,67012883.0,3167.1014661464396,6.761180682313981,True,6.640685892439599,2387.4209155191697,Red,2021-04
France,FR,FRY4,La Reunion,341,684,853659,80.1256707889216,143497.0,67012883.0,3167.1014661464396,6.761180682313981,True,2.39853696279102,1665.41909591535,Orange,2021-04
France,FR,FRY5,Mayotte,950,1698,250143,678.811719696334,143497.0,67012883.0,3167.1014661464396,6.761180682313981,True,15.731081304851802,2414.21906669385,Dark red,2021-04
Germany,DE,DE1,Baden-Wurttemberg,8640,18813,11069533,169.952969108995,80306.0,83019213.0,1288.85827910703,7.50523364485981,False,7.50523364485981,1288.85827910703,Red,2021-04
Germany,DE,DE2,Bayern,12352,26297,13076721,201.09781343503502,80306.0,83019213.0,1288.85827910703,7.50523364485981,False,7.50523364485981,1288.85827910703,Red,2021-04
Germany,DE,DE3,Berlin,3283,7342,3644826,201.43622768274798,80306.0,83019213.0,1288.85827910703,7.50523364485981,False,7.50523364485981,1288.85827910703,Red,2021-04
Germany,DE,DE4,Brandenburg,4429,10048,2511917,400.013216997218,80306.0,83019213.0,1288.85827910703,7.50523364485981,False,7.50523364485981,1288.85827910703,Red,2021-04
Germany,DE,DE5,Bremen,566,1073,682986,157.104245182185,80306.0,83019213.0,1288.85827910703,7.50523364485981,False,7.50523364485981,1288.85827910703,Red,2021-04
Germany,DE,DE6,Hamburg,1635,3477,1841179,188.84638592988497,80306.0,83019213.0,1288.85827910703,7.50523364485981,False,7.50523364485981,1288.85827910703,Red,2021-04
Germany,DE,DE7,Hessen,5915,12958,6265809,206.80489941522302,80306.0,83019213.0,1288.85827910703,7.50523364485981,False,7.50523364485981,1288.85827910703,Red,2021-04
Germany,DE,DE8,Mecklenburg-Vorpommern,1453,3120,1609675,193.82794663518996,80306.0,83019213.0,1288.85827910703,7.50523364485981,False,7.50523364485981,1288.85827910703,Red,2021-04
Germany,DE,DE9,Niedersachsen,6365,13594,7982448,170.298635205641,80306.0,83019213.0,1288.85827910703,7.50523364485981,False,7.50523364485981,1288.85827910703,Red,2021-04
Germany,DE,DEA,Nordrhein-Westfalen,15456,34362,17932651,191.616956132141,80306.0,83019213.0,1288.85827910703,7.50523364485981,False,7.50523364485981,1288.85827910703,Red,2021-04
Germany,DE,DEB,Rheinland-Pfalz,3542,7813,4084844,191.26801415182598,80306.0,83019213.0,1288.85827910703,7.50523364485981,False,7.50523364485981,1288.85827910703,Red,2021-04
Germany,DE,DEC,Saarland,1433,2625,990509,265.015259831057,80306.0,83019213.0,1288.85827910703,7.50523364485981,False,7.50523364485981,1288.85827910703,Red,2021-04
Germany,DE,DED,Sachsen,5452,12938,4077937,317.268265792238,80306.0,83019213.0,1288.85827910703,7.50523364485981,False,7.50523364485981,1288.85827910703,Red,2021-04
Germany,DE,DEE,Sachsen-Anhalt,3667,8850,2208321,400.75695517092004,80306.0,83019213.0,1288.85827910703,7.50523364485981,False,7.50523364485981,1288.85827910703,Red,2021-04
Germany,DE,DEF,Schleswig-Holstein,2371,4952,2896712,170.95244539326,80306.0,83019213.0,1288.85827910703,7.50523364485981,False,7.50523364485981,1288.85827910703,Red,2021-04
Germany,DE,DEG,Thuringen,3449,7795,2143145,363.71780724122704,80306.0,83019213.0,1288.85827910703,7.50523364485981,False,7.50523364485981,1288.85827910703,Red,2021-04
Greece,EL,EL30,Attiki,2541,4117,3742235,110.01446996246901,4977.0,10724599.0,1955.9892169394898,2.37257593959156,False,2.37257593959156,1955.9892169394898,Orange,2021-04
Greece,EL,EL41,Voreio Aigaio,84,120,221098,54.274575075306,4977.0,10724599.0,1955.9892169394898,2.37257593959156,False,2.37257593959156,1955.9892169394898,Orange,2021-04
Greece,EL,EL42,Notio Aigaio,87,120,344027,34.8809831786459,4977.0,10724599.0,1955.9892169394898,2.37257593959156,False,2.37257593959156,1955.9892169394898,Orange,2021-04
Greece,EL,EL43,Kriti,144,203,634930,31.9720284125809,4977.0,10724599.0,1955.9892169394898,2.37257593959156,False,2.37257593959156,1955.9892169394898,Orange,2021-04
Greece,EL,EL51,"Anatoliki Makedonia, Thraki",128,297,599723,49.522863055110506,4977.0,10724599.0,1955.9892169394898,2.37257593959156,False,2.37257593959156,1955.9892169394898,Orange,2021-04
Greece,EL,EL52,Kentriki Makedonia,696,1286,1873777,68.631432662478,4977.0,10724599.0,1955.9892169394898,2.37257593959156,False,2.37257593959156,1955.9892169394898,Orange,2021-04
Greece,EL,EL53,Dytiki Makedonia,85,182,267008,68.1627516778524,4977.0,10724599.0,1955.9892169394898,2.37257593959156,False,2.37257593959156,1955.9892169394898,Orange,2021-04
Greece,EL,EL54,Ipeiros,20,88,333696,26.371308016877602,4977.0,10724599.0,1955.9892169394898,2.37257593959156,False,2.37257593959156,1955.9892169394898,Orange,2021-04
Greece,EL,EL61,Thessalia,272,549,718640,76.3943003450963,4977.0,10724599.0,1955.9892169394898,2.37257593959156,False,2.37257593959156,1955.9892169394898,Orange,2021-04
Greece,EL,EL62,Ionia Nisia,20,35,203869,17.1678872216963,4977.0,10724599.0,1955.9892169394898,2.37257593959156,False,2.37257593959156,1955.9892169394898,Green,2021-04
Greece,EL,EL63,Dytiki Ellada,316,510,655189,77.84013467869579,4977.0,10724599.0,1955.9892169394898,2.37257593959156,False,2.37257593959156,1955.9892169394898,Orange,2021-04
Greece,EL,EL64,Sterea Ellada,343,549,555960,98.74811137491909,4977.0,10724599.0,1955.9892169394898,2.37257593959156,False,2.37257593959156,1955.9892169394898,Orange,2021-04
Greece,EL,EL65,Peloponnisos,216,354,574447,61.624484069026394,4977.0,10724599.0,1955.9892169394898,2.37257593959156,False,2.37257593959156,1955.9892169394898,Orange,2021-04
Hungary,HU,HU11,Budapest,1410,2555,1752286,145.809531092527,8292.0,9772756.0,1115.52974411722,7.60608339907171,False,7.60608339907171,1115.52974411722,Red,2021-04
Hungary,HU,HU12,Pest,1037,1942,1278874,151.85233259883302,8292.0,9772756.0,1115.52974411722,7.60608339907171,False,7.60608339907171,1115.52974411722,Red,2021-04
Hungary,HU,HU21,Kozep-Dunantul,1089,2181,1058236,206.097694654123,8292.0,9772756.0,1115.52974411722,7.60608339907171,False,7.60608339907171,1115.52974411722,Red,2021-04
Hungary,HU,HU22,Nyugat-Dunantul,872,1900,989343,192.04664105370898,8292.0,9772756.0,1115.52974411722,7.60608339907171,False,7.60608339907171,1115.52974411722,Red,2021-04
Hungary,HU,HU23,Del-Dunantul,950,1994,879596,226.69498269660198,8292.0,9772756.0,1115.52974411722,7.60608339907171,False,7.60608339907171,1115.52974411722,Red,2021-04
Hungary,HU,HU31,Eszak-Magyarorszag,897,1704,1126360,151.283781384282,8292.0,9772756.0,1115.52974411722,7.60608339907171,False,7.60608339907171,1115.52974411722,Red,2021-04
Hungary,HU,HU32,Eszak-Alfold,1106,2035,1450960,140.251971108783,8292.0,9772756.0,1115.52974411722,7.60608339907171,False,7.60608339907171,1115.52974411722,Red,2021-04
Hungary,HU,HU33,Del-Alfold,1050,1993,1237101,161.102448385378,8292.0,9772756.0,1115.52974411722,7.60608339907171,False,7.60608339907171,1115.52974411722,Red,2021-04
Iceland,IS,IS,Island,19,41,356991,11.484883372410001,19.0,356991.0,2354.68121045068,0.22602902688555804,False,0.22602902688555804,2354.68121045068,Green,2021-04
Ireland,IE,IE04,Northern And Western,1504,4037,867947,465.12056611751603,8993.0,4904240.0,2794.84690798167,6.56107276786366,False,6.56107276786366,2794.84690798167,Red,2021-04
Ireland,IE,IE05,Southern,2586,6970,1624381,429.086525882782,8993.0,4904240.0,2794.84690798167,6.56107276786366,False,6.56107276786366,2794.84690798167,Red,2021-04
Ireland,IE,IE06,Eastern And Midland,4850,12762,2411912,529.123782293881,8993.0,4904240.0,2794.84690798167,6.56107276786366,False,6.56107276786366,2794.84690798167,Dark red,2021-04
Italy,IT,ITC1,Piemonte,5334,10416,4356406,239.09617239531897,86219.0,60359546.0,2870.6163561932694,4.97601707401955,True,4.11393137277586,2976.23775194507,Red,2021-04
Italy,IT,ITC2,Valle D'aosta/vallee D'aoste,55,150,125666,119.36402845638399,86219.0,60359546.0,2870.6163561932694,4.97601707401955,True,3.0898876404494398,1416.4531376824302,Orange,2021-04
Italy,IT,ITC3,Liguria,1960,3791,1550640,244.479698705051,86219.0,60359546.0,2870.6163561932694,4.97601707401955,True,4.3423355561955805,2910.8626115668394,Red,2021-04
Italy,IT,ITC4,Lombardia,12389,23792,10060574,236.487500613782,86219.0,60359546.0,2870.6163561932694,4.97601707401955,True,5.447749708682361,2260.45750471096,Red,2021-04
Italy,IT,ITF1,Abruzzo,2052,3585,1311580,273.334451577487,86219.0,60359546.0,2870.6163561932694,4.97601707401955,True,3.86120728586482,4051.9068604278796,Red,2021-04
Italy,IT,ITF2,Molise,469,822,305617,268.964095583688,86219.0,60359546.0,2870.6163561932694,4.97601707401955,True,8.286219081272089,1851.9912177660299,Red,2021-04
Italy,IT,ITF3,Campania,8403,15316,5801692,263.991952692421,86219.0,60359546.0,2870.6163561932694,4.97601707401955,True,8.34549950838721,1735.51095094328,Red,2021-04
Italy,IT,ITF4,Puglia,6775,13455,4029053,333.949441717446,86219.0,60359546.0,2870.6163561932694,4.97601707401955,True,10.6518457958619,1578.63398669613,Red,2021-04
Italy,IT,ITF5,Basilicata,331,736,562869,130.758666759051,86219.0,60359546.0,2870.6163561932694,4.97601707401955,True,6.1092654115909895,962.5685550279021,Red,2021-04
Italy,IT,ITF6,Calabria,1663,3613,1947131,185.555055104151,86219.0,60359546.0,2870.6163561932694,4.97601707401955,True,8.91736822349724,957.768121405288,Red,2021-04
Italy,IT,ITG1,Sicilia,6232,14862,4999891,297.24647997326304,86219.0,60359546.0,2870.6163561932694,4.97601707401955,True,3.46260695632848,3599.6784729907104,Red,2021-04
Italy,IT,ITG2,Sardegna,1402,2750,1639591,167.724755747013,86219.0,60359546.0,2870.6163561932694,4.97601707401955,True,5.10635198135198,1674.5639613781698,Red,2021-04
Italy,IT,ITH1,Provincia Autonoma Di Bolzano/bozen,3682,6799,531178,1279.98524035257,86219.0,60359546.0,2870.6163561932694,4.97601707401955,True,7.88369304556355,8792.53282327205,Dark red,2021-04
Italy,IT,ITH2,Provincia Autonoma Di Trento,1331,2451,541098,452.96785425190996,86219.0,60359546.0,2870.6163561932694,4.97601707401955,True,6.53411880216004,3764.5676014326395,Red,2021-04
Italy,IT,ITH3,Veneto,6489,13525,4905854,275.69104176357496,86219.0,60359546.0,2870.6163561932694,4.97601707401955,True,2.58629966639963,5114.27775877554,Red,2021-04
Italy,IT,ITH4,Friuli-Venezia Giulia,3144,6744,1215220,554.961241585886,86219.0,60359546.0,2870.6163561932694,4.97601707401955,True,5.8785034496943,4401.09609782591,Dark red,2021-04
Italy,IT,ITH5,Emilia-Romagna,8096,16561,4459477,371.366418079968,86219.0,60359546.0,2870.6163561932694,4.97601707401955,True,5.4368775560913,3339.15838112855,Red,2021-04
Italy,IT,ITI1,Toscana,3548,6632,3729641,177.81872303527302,86219.0,60359546.0,2870.6163561932694,4.97601707401955,True,3.5287331171802,2695.86268490721,Red,2021-04
Italy,IT,ITI2,Umbria,2059,3797,882015,430.491544928374,86219.0,60359546.0,2870.6163561932694,4.97601707401955,True,4.69362633354609,4973.6115598941105,Red,2021-04
Italy,IT,ITI3,Marche,2573,5408,1525271,354.559943773926,86219.0,60359546.0,2870.6163561932694,4.97601707401955,True,13.486031762671,1250.85968329562,Red,2021-04
Italy,IT,ITI4,Lazio,7598,15650,5879082,266.19802207215304,86219.0,60359546.0,2870.6163561932694,4.97601707401955,True,3.9938184647084802,3235.94738090062,Red,2021-04
Latvia,LV,LV00,Latvija,5451,10797,1919968,562.353122552043,5233.0,1919968.0,3461.51602526709,7.8739091182666305,True,8.20192597050858,3461.51602526709,Dark red,2021-04
Liechtenstein,LI,LI0,Liechtenstein,45,108,38378,281.41122518109296,,,,,False,,,Grey - no data,2021-04
Lithuania,LT,LT01,Sostines Regionas,2033,4381,810538,540.5051953147171,5727.0,2794184.0,2107.37732375534,9.72590177297738,True,10.1756844686921,2464.9060253806697,Dark red,2021-04
Lithuania,LT,LT02,Vidurio Ir Vakaru Lietuvos Regionas,3603,7944,1983646,400.474681470383,5727.0,2794184.0,2107.37732375534,9.72590177297738,True,9.26102043439147,1961.28744745786,Red,2021-04
Luxembourg,LU,LU0,Luxembourg,1040,1883,613894,306.730477900094,965.0,613894.0,8363.495978133029,1.8795161950022399,False,1.8795161950022399,8363.495978133029,Red,2021-04
Malta,MT,MT0,Malta,1166,2285,493559,462.963900972326,1177.0,493559.0,4583.038704592561,5.20335985853227,False,5.20335985853227,4583.038704592561,Red,2021-04
Netherlands,NL,NL11,Groningen,830,1992,583990,341.10173119402697,28671.0,17282163.0,1519.6593157928198,10.9168792597951,False,10.9168792597951,1519.6593157928198,Red,2021-04
Netherlands,NL,NL12,Friesland (Nl),1160,2604,647672,402.055361355748,28671.0,17282163.0,1519.6593157928198,10.9168792597951,False,10.9168792597951,1519.6593157928198,Red,2021-04
Netherlands,NL,NL13,Drenthe,738,1617,492167,328.547017577367,28671.0,17282163.0,1519.6593157928198,10.9168792597951,False,10.9168792597951,1519.6593157928198,Red,2021-04
Netherlands,NL,NL21,Overijssel,1947,4871,1156431,421.209739275409,28671.0,17282163.0,1519.6593157928198,10.9168792597951,False,10.9168792597951,1519.6593157928198,Red,2021-04
Netherlands,NL,NL22,Gelderland,3139,7494,2071972,361.684424306892,28671.0,17282163.0,1519.6593157928198,10.9168792597951,False,10.9168792597951,1519.6593157928198,Red,2021-04
Netherlands,NL,NL23,Flevoland,628,1323,416546,317.611980429532,28671.0,17282163.0,1519.6593157928198,10.9168792597951,False,10.9168792597951,1519.6593157928198,Red,2021-04
Netherlands,NL,NL31,Utrecht,1724,3931,1306912,300.785362748219,28671.0,17282163.0,1519.6593157928198,10.9168792597951,False,10.9168792597951,1519.6593157928198,Red,2021-04
Netherlands,NL,NL32,Noord-Holland,5011,10792,2853359,378.22089684473605,28671.0,17282163.0,1519.6593157928198,10.9168792597951,False,10.9168792597951,1519.6593157928198,Red,2021-04
Netherlands,NL,NL33,Zuid-Holland,5160,11710,3709139,315.706690959816,28671.0,17282163.0,1519.6593157928198,10.9168792597951,False,10.9168792597951,1519.6593157928198,Red,2021-04
Netherlands,NL,NL34,Zeeland,665,1498,383032,391.09003947450896,28671.0,17282163.0,1519.6593157928198,10.9168792597951,False,10.9168792597951,1519.6593157928198,Red,2021-04
Netherlands,NL,NL41,Noord-Brabant,5095,10651,2544806,418.538780559304,28671.0,17282163.0,1519.6593157928198,10.9168792597951,False,10.9168792597951,1519.6593157928198,Red,2021-04
Netherlands,NL,NL42,Limburg (Nl),2574,5778,1116137,517.6783853595031,28671.0,17282163.0,1519.6593157928198,10.9168792597951,False,10.9168792597951,1519.6593157928198,Dark red,2021-04
Norway,NO,NOCSR03,Oslo,564,1320,681071,193.812392540572,1884.0,5328212.0,2878.28262088671,1.2284739927360901,True,2.29054136376559,3615.3352587321997,Red,2021-04
Norway,NO,NOCSR11,Rogaland,41,195,475654,40.9961863034895,1884.0,5328212.0,2878.28262088671,1.2284739927360901,True,0.39625012080796396,2175.32071631901,Orange,2021-04
Norway,NO,NOCSR15,Møre og Romsdal,36,81,264970,30.569498433785,1884.0,5328212.0,2878.28262088671,1.2284739927360901,True,0.7308160779537151,1859.0783862324,Orange,2021-04
Norway,NO,NOCSR18,Nordland,45,120,242126,49.5609723862782,1884.0,5328212.0,2878.28262088671,1.2284739927360901,True,1.21163166397415,1533.9120953553102,Orange,2021-04
Norway,NO,NOCSR30,Viken,749,1666,1227305,135.74457856849,1884.0,5328212.0,2878.28262088671,1.2284739927360901,True,1.7977150537634399,3394.75517495651,Orange,2021-04
Norway,NO,NOCSR34,Innlandet,31,123,371054,33.1488139192678,1884.0,5328212.0,2878.28262088671,1.2284739927360901,True,0.418015102481122,1998.63092703488,Orange,2021-04
Norway,NO,NOCSR38,Vestfold og Telemark,100,290,417711,69.4259906969172,1884.0,5328212.0,2878.28262088671,1.2284739927360901,True,0.981836033382425,2438.28867326932,Orange,2021-04
Norway,NO,NOCSR42,Agder,85,138,305244,45.209733852262495,1884.0,5328212.0,2878.28262088671,1.2284739927360901,True,1.3836887514243899,2012.48836995977,Orange,2021-04
Norway,NO,NOCSR46,Vestland,125,247,633117,39.013326130873104,1884.0,5328212.0,2878.28262088671,1.2284739927360901,True,0.8068680609346759,2446.9410867185697,Orange,2021-04
Norway,NO,NOCSR50,Trøndelag,68,175,465634,37.583166177727605,1884.0,5328212.0,2878.28262088671,1.2284739927360901,True,0.530918176139913,2750.6582423104805,Orange,2021-04
Norway,NO,NOCSR54,Troms og Finnmark,12,17,244326,6.95791688154351,1884.0,5328212.0,2878.28262088671,1.2284739927360901,True,0.337647720877884,1454.61391747092,Green,2021-04
Poland,PL,PL21,Malopolskie,1741,3475,3360545,103.40584637313299,35266.0,37972812.0,741.6358841162461,12.5225481144805,True,10.1842644047967,508.697249999628,Red,2021-04
Poland,PL,PL22,Slaskie,2932,5983,4488998,133.281413803259,35266.0,37972812.0,741.6358841162461,12.5225481144805,True,11.389061528899902,573.4910106888,Red,2021-04
Poland,PL,PL41,Wielkopolskie,3657,7540,3473172,217.09261735382,35266.0,37972812.0,741.6358841162461,12.5225481144805,True,15.289739944811402,688.650029425551,Red,2021-04
Poland,PL,PL42,Zachodniopomorskie,2443,5272,1675502,314.651966992579,35266.0,37972812.0,741.6358841162461,12.5225481144805,True,17.699050930957,823.812803565737,Red,2021-04
Poland,PL,PL43,Lubuskie,1121,2294,1003310,228.643191037665,35266.0,37972812.0,741.6358841162461,12.5225481144805,True,15.0570852921424,742.04383490646,Red,2021-04
Poland,PL,PL51,Dolnoslaskie,2425,4886,2865072,170.536726476682,35266.0,37972812.0,741.6358841162461,12.5225481144805,True,10.5370643955853,803.260790653778,Red,2021-04
Poland,PL,PL52,Opolskie,749,1487,946038,157.181846817993,35266.0,37972812.0,741.6358841162461,12.5225481144805,True,12.236562653161302,647.014179134453,Red,2021-04
Poland,PL,PL61,Kujawsko-Pomorskie,3447,7153,2055433,348.004532378336,35266.0,37972812.0,741.6358841162461,12.5225481144805,True,18.3683256954066,912.994974781469,Red,2021-04
Poland,PL,PL62,Warminsko-Mazurskie,2344,4794,1404441,341.345773870173,35266.0,37972812.0,741.6358841162461,12.5225481144805,True,22.3153084539223,747.91322668592,Red,2021-04
Poland,PL,PL63,Pomorskie,3485,7385,2305077,320.379753040788,35266.0,37972812.0,741.6358841162461,12.5225481144805,True,16.607891727030097,910.33835312226,Red,2021-04
Poland,PL,PL71,Lodzkie,2022,4268,2453167,173.97918690411203,35266.0,37972812.0,741.6358841162461,12.5225481144805,True,11.180536356096198,737.210308144533,Red,2021-04
Poland,PL,PL72,Swietokrzyskie,638,1336,1226243,108.95067290904,35266.0,37972812.0,741.6358841162461,12.5225481144805,True,7.652632841549719,679.8815569181639,Red,2021-04
Poland,PL,PL81,Lubelskie,1948,3937,2097294,187.718078628938,35266.0,37972812.0,741.6358841162461,12.5225481144805,True,13.940174609989999,666.287129987498,Red,2021-04
Poland,PL,PL82,Podkarpackie,1247,2460,2086135,117.921419275359,35266.0,37972812.0,741.6358841162461,12.5225481144805,True,10.662676357417698,560.606096920861,Red,2021-04
Poland,PL,PL84,Podlaskie,1468,2869,1152074,249.02914222523899,35266.0,37972812.0,741.6358841162461,12.5225481144805,True,19.8297987302445,642.580250921382,Red,2021-04
Poland,PL,PL92X,Mazowiecki regionalny,5794,11246,5380311,209.021374414973,35266.0,37972812.0,741.6358841162461,12.5225481144805,True,13.510866523645198,797.054296675415,Red,2021-04
Portugal,PT,PT1,Continente,82183,167930,9798859,1713.7709604761098,90131.0,10276617.0,3995.37123938744,21.9516353336305,True,20.8765387565983,4017.4269269513898,Dark red,2021-04
Portugal,PT,PT2,Regiao Autonoma Dos Acores,272,521,242796,214.583436300433,90131.0,10276617.0,3995.37123938744,21.9516353336305,True,2.84608140629905,3936.2262969735903,Red,2021-04
Portugal,PT,PT3,Regiao Autonoma Da Madeira,753,1367,254254,537.6513250529,90131.0,10276617.0,3995.37123938744,21.9516353336305,True,10.217096336499301,2898.6761270225797,Dark red,2021-04
Romania,RO,RO11,Nord-Vest,2909,5851,2552112,229.261098259011,16182.0,19414458.0,917.4142280974311,9.085345655237461,False,9.085345655237461,917.4142280974311,Red,2021-04
Romania,RO,RO12,Centru,1943,3867,2318272,166.80527565359,16182.0,19414458.0,917.4142280974311,9.085345655237461,False,9.085345655237461,917.4142280974311,Red,2021-04
Romania,RO,RO21,Nord-Est,2736,5626,3198564,175.89143127978699,16182.0,19414458.0,917.4142280974311,9.085345655237461,False,9.085345655237461,917.4142280974311,Red,2021-04
Romania,RO,RO22,Sud-Est,1521,3147,2396171,131.334533303341,16182.0,19414458.0,917.4142280974311,9.085345655237461,False,9.085345655237461,917.4142280974311,Red,2021-04
Romania,RO,RO31,Sud - Muntenia,1739,3392,2929832,115.774556356815,16182.0,19414458.0,917.4142280974311,9.085345655237461,False,9.085345655237461,917.4142280974311,Red,2021-04
Romania,RO,RO32,Bucuresti - Ilfov,3465,6944,2315173,299.934389352329,16182.0,19414458.0,917.4142280974311,9.085345655237461,False,9.085345655237461,917.4142280974311,Red,2021-04
Romania,RO,RO41,Sud-Vest Oltenia,1103,2216,1926860,115.005760667615,16182.0,19414458.0,917.4142280974311,9.085345655237461,False,9.085345655237461,917.4142280974311,Red,2021-04
Romania,RO,RO42,Vest,2297,4534,1777474,255.08108698073798,16182.0,19414458.0,917.4142280974311,9.085345655237461,False,9.085345655237461,917.4142280974311,Red,2021-04
Slovakia,SK,SK01,Bratislavsky Kraj,1995,4111,659598,623.258408909669,12886.0,5450421.0,1244.85796601767,18.9918938835667,False,18.9918938835667,1244.85796601767,Dark red,2021-04
Slovakia,SK,SK02,Zapadne Slovensko,5273,10248,1826145,561.182162424123,12886.0,5450421.0,1244.85796601767,18.9918938835667,False,18.9918938835667,1244.85796601767,Dark red,2021-04
Slovakia,SK,SK03,Stredne Slovensko,2381,4488,1339242,335.114938151581,12886.0,5450421.0,1244.85796601767,18.9918938835667,False,18.9918938835667,1244.85796601767,Red,2021-04
Slovakia,SK,SK04,Vychodne Slovensko,3828,6953,1625436,427.762151201278,12886.0,5450421.0,1244.85796601767,18.9918938835667,False,18.9918938835667,1244.85796601767,Red,2021-04
Slovenia,SI,SI03,Vzhodna Slovenija,4468,9135,1094435,834.677253560056,8334.0,2080908.0,4746.19733308729,8.43829735531165,False,8.43829735531165,4746.19733308729,Dark red,2021-04
Slovenia,SI,SI04,Zahodna Slovenija,4148,8120,986473,823.134540935231,8334.0,2080908.0,4746.19733308729,8.43829735531165,False,8.43829735531165,4746.19733308729,Dark red,2021-04
Spain,ES,ES11,Galicia,10373,21266,2700441,787.501004465567,229423.0,46937060.0,3715.36904953144,13.155856034084803,True,7.752210273005151,4955.00549725026,Dark red,2021-04
Spain,ES,ES12,Principado De Asturias,3462,6437,1022205,629.717131103839,229423.0,46937060.0,3715.36904953144,13.155856034084803,True,8.72172116692699,3883.1741186943896,Dark red,2021-04
Spain,ES,ES13,Cantabria,886,2176,581641,374.113929382557,229423.0,46937060.0,3715.36904953144,13.155856034084803,True,5.371650297077731,2835.7698305312,Red,2021-04
Spain,ES,ES21,Pais Vasco,7472,14349,2177880,658.851727367899,229423.0,46937060.0,3715.36904953144,13.155856034084803,True,8.492356651702,4039.93792128125,Dark red,2021-04
Spain,ES,ES22,Comunidad Foral De Navarra,1546,3215,649946,494.65647915365304,229423.0,46937060.0,3715.36904953144,13.155856034084803,True,6.35142352409515,3745.08036052226,Red,2021-04
Spain,ES,ES23,La Rioja,1982,4171,313571,1330.16127129103,229423.0,46937060.0,3715.36904953144,13.155856034084803,True,15.801642350314902,4000.05102512669,Dark red,2021-04
Spain,ES,ES24,Aragon,3808,8772,1320586,664.250567551072,229423.0,46937060.0,3715.36904953144,13.155856034084803,True,13.655108114892199,2111.7140420994897,Dark red,2021-04
Spain,ES,ES30,Comunidad De Madrid,30661,65579,6641649,987.390330323087,229423.0,46937060.0,3715.36904953144,13.155856034084803,True,12.5097920814701,3690.2883606164705,Dark red,2021-04
Spain,ES,ES41,Castilla Y Leon,14763,32474,2407733,1348.73758842862,229423.0,46937060.0,3715.36904953144,13.155856034084803,True,7.539258994459059,8132.753922465659,Dark red,2021-04
Spain,ES,ES42,Castilla-La Mancha,13032,27440,2034877,1348.48445385151,229423.0,46937060.0,3715.36904953144,13.155856034084803,True,27.5023741690408,2328.64197688607,Dark red,2021-04
Spain,ES,ES43,Extremadura,4221,11046,1065424,1036.77033744312,229423.0,46937060.0,3715.36904953144,13.155856034084803,True,8.52417302798982,4647.72710207392,Dark red,2021-04
Spain,ES,ES51,Cataluna,27345,61450,7566431,812.139831844102,229423.0,46937060.0,3715.36904953144,13.155856034084803,True,8.53488393868742,4234.37417191804,Dark red,2021-04
Spain,ES,ES52,Comunidad Valenciana,52277,106568,4974969,2142.08369941602,229423.0,46937060.0,3715.36904953144,13.155856034084803,True,30.8049946082273,3411.13683321444,Dark red,2021-04
Spain,ES,ES53,Illes Balears,2880,6957,1188220,585.497635118076,229423.0,46937060.0,3715.36904953144,13.155856034084803,True,7.80995769606248,3103.46568817222,Dark red,2021-04
Spain,ES,ES61,Andalucia,43248,87813,8427405,1041.993353826,229423.0,46937060.0,3715.36904953144,13.155856034084803,True,17.562140365553102,2922.09760893181,Dark red,2021-04
Spain,ES,ES62,Region De Murcia,8845,21175,1487663,1423.37343874251,229423.0,46937060.0,3715.36904953144,13.155856034084803,True,18.221334102426802,3262.9701753690197,Dark red,2021-04
Spain,ES,ES63,Ciudad Autonoma De Ceuta,240,495,84829,583.526859918188,229423.0,46937060.0,3715.36904953144,13.155856034084803,True,9.55414012738854,2961.2514588171503,Dark red,2021-04
Spain,ES,ES64,Ciudad Autonoma De Melilla,438,941,84689,1111.12423100993,229423.0,46937060.0,3715.36904953144,13.155856034084803,True,22.635658914728698,2284.83037938811,Dark red,2021-04
Spain,ES,ES70,Canarias,1944,4030,2206901,182.60900692872,229423.0,46937060.0,3715.36904953144,13.155856034084803,True,5.23932729624838,1681.2716111869101,Red,2021-04
Sweden,SE,SE11,Stockholm,3612,7130,2344124,304.164796742834,20683.0,10230185.0,1888.4115976397302,10.7061515207984,False,10.7061515207984,1888.4115976397302,Red,2021-04
Sweden,SE,SE12,Ostra Mellansverige,2632,5841,1708813,341.81621979701697,20683.0,10230185.0,1888.4115976397302,10.7061515207984,False,10.7061515207984,1888.4115976397302,Red,2021-04
Sweden,SE,SE21,Smaland Med Oarna,2057,4333,864630,501.13921561824094,20683.0,10230185.0,1888.4115976397302,10.7061515207984,False,10.7061515207984,1888.4115976397302,Dark red,2021-04
Sweden,SE,SE22,Sydsverige,4150,9643,1521848,633.637524903933,20683.0,10230185.0,1888.4115976397302,10.7061515207984,False,10.7061515207984,1888.4115976397302,Dark red,2021-04
Sweden,SE,SE23,Vastsverige,9183,10769,2039166,528.1080598636889,20683.0,10230185.0,1888.4115976397302,10.7061515207984,False,10.7061515207984,1888.4115976397302,Dark red,2021-04
Sweden,SE,SE31,Norra Mellansverige,1087,2333,855220,272.79530413227,20683.0,10230185.0,1888.4115976397302,10.7061515207984,False,10.7061515207984,1888.4115976397302,Red,2021-04
Sweden,SE,SE32,Mellersta Norrland,723,1492,375733,397.090487127828,20683.0,10230185.0,1888.4115976397302,10.7061515207984,False,10.7061515207984,1888.4115976397302,Red,2021-04
Sweden,SE,SE33,Ovre Norrland,873,1800,520651,345.721030018189,20683.0,10230185.0,1888.4115976397302,10.7061515207984,False,10.7061515207984,1888.4115976397302,Red,2021-04
